"name","Provider","Review_Count","Free_Wifi","Breakfast_Included","Free_Parking","Swimming_Pool","Hotel_Website","Special_Offer","Restaurant","Link","Price_AMD","Price_USD"
"ibis Yerevan Center Hotel","ibis",332,"1","0","1","0","1","0","0","https://www.tripadvisor.com/Hotel_Review-g293932-d11665411-Reviews-Ibis_Yerevan_Center_Hotel-Yerevan.html",24750,51
"Best Western Plus Congress Hotel","Expedia.com",631,"1","0","1","0","0","0","0","https://www.tripadvisor.com/Hotel_Review-g293932-d308336-Reviews-Best_Western_Plus_Congress_Hotel-Yerevan.html",29750,61
"Tufenkian Historic Yerevan Hotel","Expedia.com",422,"1","1","0","0","0","0","0","https://www.tripadvisor.com/Hotel_Review-g293932-d3634113-Reviews-Tufenkian_Historic_Yerevan_Hotel-Yerevan.html",33913,70
"Armenia Marriott Hotel Yerevan","Marriott Hotels",791,"0","0","1","0","1","0","1","https://www.tripadvisor.com/Hotel_Review-g293932-d299732-Reviews-Armenia_Marriott_Hotel_Yerevan-Yerevan.html",36000,74
"Paris Hotel","Expedia.com",442,"1","0","1","0","1","0","0","https://www.tripadvisor.com/Hotel_Review-g293932-d7004445-Reviews-Paris_Hotel-Yerevan.html",42393,88
"Hyatt Place Yerevan","Expedia.com",313,"1","0","1","0","0","0","0","https://www.tripadvisor.com/Hotel_Review-g293932-d5281493-Reviews-Hyatt_Place_Yerevan-Yerevan.html",40000,83
"Opera Suite Hotel","Expedia.com",155,"1","0","1","0","1","0","0","https://www.tripadvisor.com/Hotel_Review-g293932-d8280822-Reviews-Opera_Suite_Hotel-Yerevan.html",33413,69
"Azoyan Guest House","Booking.com",70,"1","0","0","0","0","0","0","https://www.tripadvisor.com/Hotel_Review-g293932-d6648449-Reviews-Azoyan_Guest_House-Yerevan.html",30000,62
"Cross Resort Hotel","Expedia.com",53,"1","0","1","0","0","0","0","https://www.tripadvisor.com/Hotel_Review-g293932-d6279855-Reviews-Cross_Resort_Hotel-Yerevan.html",20779,43
"Areg Hotel","Booking.com",122,"1","0","1","0","0","0","0","https://www.tripadvisor.com/Hotel_Review-g293932-d1137158-Reviews-Areg_Hotel-Yerevan.html",17156,35
"Hostel Bivouac","Booking.com",47,"1","1","0","0","0","0","0","https://www.tripadvisor.com/Hotel_Review-g293932-d12379420-Reviews-Hostel_Bivouac-Yerevan.html",7492,15
"Silachi Hotel","Expedia.com",139,"1","1","0","0","0","0","0","https://www.tripadvisor.com/Hotel_Review-g293932-d2442929-Reviews-Silachi_Hotel-Yerevan.html",24104,50
"Republica Hotel Yerevan","Booking.com",694,"1","1","0","0","1","0","0","https://www.tripadvisor.com/Hotel_Review-g293932-d6731098-Reviews-Republica_Hotel_Yerevan-Yerevan.html",19911,41
"My Hotel Yerevan","Booking.com",159,"1","0","1","0","0","0","0","https://www.tripadvisor.com/Hotel_Review-g293932-d6702577-Reviews-My_Hotel_Yerevan-Yerevan.html",19911,41
"Deluxe Hotel Yerevan","Booking.com",245,"1","0","1","0","1","0","0","https://www.tripadvisor.com/Hotel_Review-g293932-d1479879-Reviews-Deluxe_Hotel_Yerevan-Yerevan.html",19911,41
"Hotel Meg","Booking.com",182,"1","0","1","0","0","0","0","https://www.tripadvisor.com/Hotel_Review-g293932-d1232920-Reviews-Hotel_Meg-Yerevan.html",19911,41
"Grand Hotel Yerevan","Booking.com",384,"1","0","0","1","0","0","0","https://www.tripadvisor.com/Hotel_Review-g293932-d585269-Reviews-Grand_Hotel_Yerevan-Yerevan.html",19911,41
"Nova Hotel","Booking.com",255,"1","0","1","0","0","0","0","https://www.tripadvisor.com/Hotel_Review-g293932-d10100256-Reviews-Nova_Hotel-Yerevan.html",19911,41
"DoubleTree by Hilton Hotel Yerevan City Centre","Booking.com",386,"1","0","1","0","1","1","0","https://www.tripadvisor.com/Hotel_Review-g293932-d8029079-Reviews-DoubleTree_by_Hilton_Hotel_Yerevan_City_Centre-Yerevan.html",19911,41
"Mia Casa Hotel Yerevan","Booking.com",72,"1","0","1","0","0","0","0","https://www.tripadvisor.com/Hotel_Review-g293932-d11643507-Reviews-Mia_Casa_Hotel_Yerevan-Yerevan.html",19911,41
"Radisson Blu Hotel, Yerevan","Hotels.com",129,"1","0","1","0","0","0","0","https://www.tripadvisor.com/Hotel_Review-g293932-d10518419-Reviews-Radisson_Blu_Hotel_Yerevan-Yerevan.html",19911,41
"Kantar","Hotels.com",182,"1","0","1","0","0","0","0","https://www.tripadvisor.com/Hotel_Review-g293932-d6984429-Reviews-Kantar-Yerevan.html",19911,41
"HyeLandz Eco Village Resort","Hotels.com",118,"1","0","1","0","0","0","0","https://www.tripadvisor.com/Hotel_Review-g293932-d3512376-Reviews-HyeLandz_Eco_Village_Resort-Yerevan.html",19911,41
"Roma Hotel Complex","Hotels.com",108,"1","0","1","0","0","0","0","https://www.tripadvisor.com/Hotel_Review-g293932-d5218005-Reviews-Roma_Hotel_Complex-Yerevan.html",19911,41
"Ani Plaza Hotel","Booking.com",461,"1","0","0","1","0","0","0","https://www.tripadvisor.com/Hotel_Review-g293932-d308331-Reviews-Ani_Plaza_Hotel-Yerevan.html",19911,41
"14th Floor Hotel","Booking.com",90,"1","0","1","0","0","0","0","https://www.tripadvisor.com/Hotel_Review-g293932-d2038096-Reviews-14th_Floor_Hotel-Yerevan.html",19911,41
"Komitas Avenue Guest House","Hotels.com",37,"1","0","1","0","0","0","0","https://www.tripadvisor.com/Hotel_Review-g293932-d12494833-Reviews-Komitas_Avenue_Guest_House-Yerevan.html",19911,41
"Yerevan Hostel","Hotels.com",132,"1","0","1","0","0","0","0","https://www.tripadvisor.com/Hotel_Review-g293932-d2054510-Reviews-Yerevan_Hostel-Yerevan.html",19911,41
"Cascade Hotel","Booking.com",98,"1","0","1","0","0","0","0","https://www.tripadvisor.com/Hotel_Review-g293932-d6213513-Reviews-Cascade_Hotel-Yerevan.html",19911,41
"Europe Hotel","Booking.com",209,"1","0","1","0","0","0","0","https://www.tripadvisor.com/Hotel_Review-g293932-d1447581-Reviews-Europe_Hotel-Yerevan.html",19911,41
"Hotel National","Booking.com",107,"1","0","1","0","0","0","0","https://www.tripadvisor.com/Hotel_Review-g293932-d3873711-Reviews-Hotel_National-Yerevan.html",45000,93
"Bass Boutique Hotel","Booking.com",108,"1","0","1","0","0","0","0","https://www.tripadvisor.com/Hotel_Review-g293932-d308335-Reviews-Bass_Boutique_Hotel-Yerevan.html",19608,41
"Boulevard Hotel","Booking.com",36,"1","0","1","0","0","0","0","https://www.tripadvisor.com/Hotel_Review-g293932-d12486956-Reviews-Boulevard_Hotel-Yerevan.html",22742,47
"Domino Hostel","Booking.com",24,"1","0","1","0","0","0","0","https://www.tripadvisor.com/Hotel_Review-g293932-d10150296-Reviews-Domino_Hostel-Yerevan.html",6658,14
"Umba Hostel","Booking.com",65,"1","0","1","0","0","0","0","https://www.tripadvisor.com/Hotel_Review-g293932-d8408895-Reviews-Umba_Hostel-Yerevan.html",7500,15
"Hotel Regineh","Booking.com",82,"1","0","1","0","0","0","0","https://www.tripadvisor.com/Hotel_Review-g293932-d1237108-Reviews-Hotel_Regineh-Yerevan.html",17708,37
"Messier 53 Hotel Yerevan","Booking.com",74,"1","0","1","0","0","0","0","https://www.tripadvisor.com/Hotel_Review-g293932-d12311601-Reviews-Messier_53_Hotel_Yerevan-Yerevan.html",41658,86
"Daniel Boutique Hotel","Booking.com",25,"1","0","1","0","0","0","0","https://www.tripadvisor.com/Hotel_Review-g293932-d12385925-Reviews-Daniel_Boutique_Hotel-Yerevan.html",17992,37
"FindArmenia Hostel","Booking.com",30,"1","0","1","0","0","0","0","https://www.tripadvisor.com/Hotel_Review-g293932-d10127306-Reviews-FindArmenia_Hostel-Yerevan.html",4983,10
"Aviatrans","Booking.com",170,"1","0","1","0","0","0","0","https://www.tripadvisor.com/Hotel_Review-g293932-d308337-Reviews-Aviatrans-Yerevan.html",28667,59
"Diamond Hotel Yerevan","Expedia.com",86,"1","0","1","0","0","0","0","https://www.tripadvisor.com/Hotel_Review-g293932-d6839245-Reviews-Diamond_Hotel_Yerevan-Yerevan.html",34806,72
"City Centre Hotel by Picnic","Booking.com",93,"1","0","1","0","0","0","0","https://www.tripadvisor.com/Hotel_Review-g293932-d7786379-Reviews-City_Centre_Hotel_by_Picnic-Yerevan.html",17354,36
"Sochi Palace Hotel","Booking.com",81,"1","0","1","0","0","0","0","https://www.tripadvisor.com/Hotel_Review-g293932-d4163416-Reviews-Sochi_Palace_Hotel-Yerevan.html",11553,24
"Arthurs Aghveran Resort","Agoda.com",90,"1","0","1","0","0","0","0","https://www.tripadvisor.com/Hotel_Review-g293932-d817383-Reviews-Arthurs_Aghveran_Resort-Yerevan.html",16542,34
"Best Eastern Hotel Metropol","Booking.com",110,"1","0","0","1","0","0","0","https://www.tripadvisor.com/Hotel_Review-g293932-d308339-Reviews-Best_Eastern_Hotel_Metropol-Yerevan.html",22500,46
"Art Hotel","Booking.com",40,"1","0","1","0","0","0","0","https://www.tripadvisor.com/Hotel_Review-g293932-d8112220-Reviews-Art_Hotel-Yerevan.html",18333,38
"Grig Hotel","Booking.com",30,"1","0","0","0","0","0","0","https://www.tripadvisor.com/Hotel_Review-g293932-d3870900-Reviews-Grig_Hotel-Yerevan.html",22400,46
"Olympia Hotel","Booking.com",109,"1","0","1","0","0","0","0","https://www.tripadvisor.com/Hotel_Review-g293932-d308340-Reviews-Olympia_Hotel-Yerevan.html",20667,43
"Three Jugs","Booking.com",60,"1","0","1","0","0","0","0","https://www.tripadvisor.com/Hotel_Review-g293932-d2229384-Reviews-Three_Jugs-Yerevan.html",10833,22
"Panorama Yerevan Resort","Booking.com",40,"1","0","1","0","0","0","0","https://www.tripadvisor.com/Hotel_Review-g293932-d5975411-Reviews-Panorama_Yerevan_Resort-Yerevan.html",25500,53
"Hostel Glide","Booking.com",60,"1","0","1","0","0","0","0","https://www.tripadvisor.com/Hotel_Review-g293932-d2090583-Reviews-Hostel_Glide-Yerevan.html",7500,15
"Central Hotel","Booking.com",34,"1","0","1","0","0","0","0","https://www.tripadvisor.com/Hotel_Review-g293932-d12591914-Reviews-Central_Hotel-Yerevan.html",45000,93
"Bridge Hostel Yerevan Armenia","Booking.com",28,"1","0","1","0","0","0","0","https://www.tripadvisor.com/Hotel_Review-g293932-d10102032-Reviews-Bridge_Hostel_Yerevan_Armenia-Yerevan.html",10825,22
"North Avenue Hotel","Expedia.com",73,"1","1","0","0","0","0","0","https://www.tripadvisor.com/Hotel_Review-g293932-d4619506-Reviews-North_Avenue_Hotel-Yerevan.html",65783,136
"Imperial Palace Hotel","Expedia.com",154,"1","0","1","0","0","0","0","https://www.tripadvisor.com/Hotel_Review-g293932-d4886384-Reviews-Imperial_Palace_Hotel-Yerevan.html",36651,76
"Capital Hotel","Hotels.com",35,"1","0","1","0","0","0","0","https://www.tripadvisor.com/Hotel_Review-g293932-d2387920-Reviews-Capital_Hotel-Yerevan.html",19911,41
"City Hotel by Picnic","Booking.com",61,"1","0","1","0","0","0","0","https://www.tripadvisor.com/Hotel_Review-g293932-d8400769-Reviews-City_Hotel_by_Picnic-Yerevan.html",19911,41
"Holiday Inn Express Yerevan","Hotels.com",18,"1","0","1","0","1","1","0","https://www.tripadvisor.com/Hotel_Review-g293932-d15098482-Reviews-Holiday_Inn_Express_Yerevan-Yerevan.html",19911,41
"Republic Square Boutique Hotel","Booking.com",14,"1","0","1","0","0","0","0","https://www.tripadvisor.com/Hotel_Review-g293932-d11791693-Reviews-Republic_Square_Boutique_Hotel-Yerevan.html",16283,34
"MGA Hostel & Tours","Booking.com",37,"1","0","1","0","0","0","0","https://www.tripadvisor.com/Hotel_Review-g293932-d8005673-Reviews-MGA_Hostel_Tours-Yerevan.html",10000,21
"The Alexander, a Luxury Collection Hotel, Yerevan","Expedia.com",15,"1","0","0","1","1","1","0","https://www.tripadvisor.com/Hotel_Review-g293932-d13950040-Reviews-The_Alexander_a_Luxury_Collection_Hotel_Yerevan-Yerevan.html",107724,223
"Princ Plaza Hotel","Booking.com",18,"1","0","0","0","0","0","0","https://www.tripadvisor.com/Hotel_Review-g293932-d6153148-Reviews-Princ_Plaza_Hotel-Yerevan.html",9990,21
"Minotel Barsam Suites","Booking.com",90,"1","0","1","0","0","0","0","https://www.tripadvisor.com/Hotel_Review-g293932-d7148555-Reviews-Minotel_Barsam_Suites-Yerevan.html",20625,43
"SD Hotel","Booking.com",50,"1","0","1","0","0","0","0","https://www.tripadvisor.com/Hotel_Review-g293932-d3545290-Reviews-SD_Hotel-Yerevan.html",15000,31
"Hrazdan Hotel","Booking.com",100,"1","0","1","0","0","0","0","https://www.tripadvisor.com/Hotel_Review-g293932-d308338-Reviews-Hrazdan_Hotel-Yerevan.html",20000,41
"Hotel Tigran Mets","Booking.com",28,"1","1","0","0","0","0","0","https://www.tripadvisor.com/Hotel_Review-g293932-d8783668-Reviews-Hotel_Tigran_Mets-Yerevan.html",21250,44
"Villa Ayghedzor","Booking.com",21,"1","1","0","0","0","0","0","https://www.tripadvisor.com/Hotel_Review-g293932-d3182495-Reviews-Villa_Ayghedzor-Yerevan.html",29167,60
"Silk Road Hotel","Booking.com",70,"1","0","1","0","0","0","0","https://www.tripadvisor.com/Hotel_Review-g293932-d8112204-Reviews-Silk_Road_Hotel-Yerevan.html",22500,46
"Yerevan Boutique Hotel","Booking.com",17,"1","0","1","0","0","0","0","https://www.tripadvisor.com/Hotel_Review-g293932-d13536742-Reviews-Yerevan_Boutique_Hotel-Yerevan.html",21367,44
"Nare Hotel","Booking.com",27,"1","0","1","0","0","0","0","https://www.tripadvisor.com/Hotel_Review-g293932-d4324987-Reviews-Nare_Hotel-Yerevan.html",22000,45
"Elysium Gallery Hotel","Booking.com",44,"1","0","1","0","0","0","0","https://www.tripadvisor.com/Hotel_Review-g293932-d8498551-Reviews-Elysium_Gallery_Hotel-Yerevan.html",20583,43
"Aghababyan's Hotel","Booking.com",7,"0","0","0","0","0","0","0","https://www.tripadvisor.com/Hotel_Review-g293932-d15855853-Reviews-Aghababyan_s_Hotel-Yerevan.html",24575,51
"Albert House","Booking.com",22,"1","0","1","0","0","0","0","https://www.tripadvisor.com/Hotel_Review-g293932-d8787032-Reviews-Albert_House-Yerevan.html",11667,24
"Villa 29","Booking.com",41,"1","0","1","0","0","0","0","https://www.tripadvisor.com/Hotel_Review-g293932-d6200911-Reviews-Villa_29-Yerevan.html",25000,52
"Family Hotel","Booking.com",25,"1","0","0","0","0","0","1","https://www.tripadvisor.com/Hotel_Review-g293932-d2442938-Reviews-Family_Hotel-Yerevan.html",27119,56
"Primer Hotel","Booking.com",39,"1","0","1","0","0","0","0","https://www.tripadvisor.com/Hotel_Review-g293932-d2214444-Reviews-Primer_Hotel-Yerevan.html",13260,27
"Ossanna Hotel","Booking.com",15,"1","0","1","0","0","0","0","https://www.tripadvisor.com/Hotel_Review-g293932-d10053016-Reviews-Ossanna_Hotel-Yerevan.html",24992,52
"Benefice Hotel & Tours","Booking.com",23,"1","0","1","0","0","0","0","https://www.tripadvisor.com/Hotel_Review-g293932-d8443500-Reviews-Benefice_Hotel_Tours-Yerevan.html",15000,31
"Venezia Palazzo","Booking.com",33,"1","0","1","0","0","0","0","https://www.tripadvisor.com/Hotel_Review-g293932-d6908328-Reviews-Venezia_Palazzo-Yerevan.html",16667,34
"L'image Art Hotel","Booking.com",12,"0","1","0","0","0","0","0","https://www.tripadvisor.com/Hotel_Review-g293932-d14780154-Reviews-L_image_Art_Hotel-Yerevan.html",21240,44
"Royal Plaza Hotel","Booking.com",89,"1","0","0","0","0","0","1","https://www.tripadvisor.com/Hotel_Review-g293932-d5085060-Reviews-Royal_Plaza_Hotel-Yerevan.html",30667,63
"Best View Hotel","Booking.com",15,"1","0","1","0","0","0","0","https://www.tripadvisor.com/Hotel_Review-g293932-d9794016-Reviews-Best_View_Hotel-Yerevan.html",17708,37
"Rafael Hostel","Booking.com",22,"1","0","1","0","0","0","0","https://www.tripadvisor.com/Hotel_Review-g293932-d10269272-Reviews-Rafael_Hostel-Yerevan.html",9167,19
"Park Hotel","Booking.com",24,"1","0","1","0","0","0","0","https://www.tripadvisor.com/Hotel_Review-g293932-d8099642-Reviews-Park_Hotel-Yerevan.html",18200,38
"Dreams Hotel","Booking.com",7,"1","0","1","0","0","0","0","https://www.tripadvisor.com/Hotel_Review-g293932-d12309928-Reviews-Dreams_Hotel-Yerevan.html",20825,43
"Apricot Hotel Yerevan","Booking.com",6,"1","0","1","0","0","0","0","https://www.tripadvisor.com/Hotel_Review-g293932-d15816804-Reviews-Apricot_Hotel_Yerevan-Yerevan.html",22167,46
"Miami International Suite Hotel","Booking.com",9,"1","0","1","0","0","0","0","https://www.tripadvisor.com/Hotel_Review-g293932-d10786964-Reviews-Miami_International_Suite_Hotel-Yerevan.html",10825,22
"Caucasus Hotel","Booking.com",56,"1","0","1","0","0","0","0","https://www.tripadvisor.com/Hotel_Review-g293932-d6885249-Reviews-Caucasus_Hotel-Yerevan.html",20833,43
"Ararat hotel","Booking.com",95,"1","0","1","0","0","0","0","https://www.tripadvisor.com/Hotel_Review-g293932-d308332-Reviews-Ararat_hotel-Yerevan.html",31667,65
"Armenian Royal Palace Hotel","Expedia.com",53,"1","0","1","0","0","0","0","https://www.tripadvisor.com/Hotel_Review-g293932-d1200811-Reviews-Armenian_Royal_Palace_Hotel-Yerevan.html",25453,53
"Latar Hotel","Expedia.com",19,"1","0","1","0","0","0","0","https://www.tripadvisor.com/Hotel_Review-g293932-d4176271-Reviews-Latar_Hotel-Yerevan.html",83121,172
"Golden Palace Hotel Yerevan","Expedia.com",13,"1","0","1","0","0","0","0","https://www.tripadvisor.com/Hotel_Review-g293932-d13457134-Reviews-Golden_Palace_Hotel_Yerevan-Yerevan.html",63589,131
"Comfort House Hotel","Booking.com",20,"1","0","1","0","0","0","0","https://www.tripadvisor.com/Hotel_Review-g293932-d8004164-Reviews-Comfort_House_Hotel-Yerevan.html",10833,22
"Welcome Friends Hostel","Booking.com",4,"1","1","0","0","0","0","0","https://www.tripadvisor.com/Hotel_Review-g293932-d15024437-Reviews-Welcome_Friends_Hostel-Yerevan.html",14990,31
"5 Rooms","Booking.com",4,"1","0","0","0","0","0","1","https://www.tripadvisor.com/Hotel_Review-g293932-d12916039-Reviews-5_Rooms-Yerevan.html",13450,28
"Green Palace Hotel","Booking.com",18,"1","0","1","0","0","0","0","https://www.tripadvisor.com/Hotel_Review-g293932-d3265300-Reviews-Green_Palace_Hotel-Yerevan.html",14875,31
"KaTun  Hostel","Expedia.com",12,"1","0","1","0","0","0","0","https://www.tripadvisor.com/Hotel_Review-g293932-d14411765-Reviews-KaTun_Hostel-Yerevan.html",7397,15
"Park Apartments by Picnic","Booking.com",12,"1","0","1","0","0","0","0","https://www.tripadvisor.com/Hotel_Review-g293932-d5322339-Reviews-Park_Apartments_by_Picnic-Yerevan.html",16538,34
"Balcony Villa Hostel","Booking.com",11,"1","0","1","0","0","0","0","https://www.tripadvisor.com/Hotel_Review-g293932-d7022258-Reviews-Balcony_Villa_Hostel-Yerevan.html",11667,24
"Friendship Hostel & Tours","Booking.com",23,"1","0","1","0","0","0","0","https://www.tripadvisor.com/Hotel_Review-g293932-d12214565-Reviews-Friendship_Hostel_Tours-Yerevan.html",9583,20
"Apri Hostel","Booking.com",6,"1","0","1","0","0","0","0","https://www.tripadvisor.com/Hotel_Review-g293932-d13493137-Reviews-Apri_Hostel-Yerevan.html",10075,21
"Forum Hotel","Booking.com",45,"1","0","1","0","0","0","0","https://www.tripadvisor.com/Hotel_Review-g293932-d6206559-Reviews-Forum_Hotel-Yerevan.html",30000,62
"Master's House Dayan","Booking.com",6,"1","0","1","0","0","0","0","https://www.tripadvisor.com/Hotel_Review-g293932-d10817665-Reviews-Master_s_House_Dayan-Yerevan.html",13325,28
"FlatsInYerevan","Booking.com",12,"1","0","0","0","0","0","0","https://www.tripadvisor.com/Hotel_Review-g293932-d7179599-Reviews-FlatsInYerevan-Yerevan.html",19167,40
"Amber","Booking.com",11,"1","0","1","0","0","0","0","https://www.tripadvisor.com/Hotel_Review-g293932-d7134404-Reviews-Amber-Yerevan.html",15750,33
"Golden Eagle Guesthouse","Booking.com",10,"0","0","0","0","0","0","0","https://www.tripadvisor.com/Hotel_Review-g293932-d3870831-Reviews-Golden_Eagle_Guesthouse-Yerevan.html",15417,32
"Mashtots Hotel","Booking.com",15,"0","0","0","0","0","0","0","https://www.tripadvisor.com/Hotel_Review-g293932-d12120962-Reviews-Mashtots_Hotel-Yerevan.html",20825,43
"Mirage Hotel","Booking.com",6,"1","0","1","0","0","0","0","https://www.tripadvisor.com/Hotel_Review-g293932-d8337431-Reviews-Mirage_Hotel-Yerevan.html",20000,41
"Nor Dzoraberd Hotel","Booking.com",7,"1","0","0","0","0","0","1","https://www.tripadvisor.com/Hotel_Review-g293932-d6864096-Reviews-Nor_Dzoraberd_Hotel-Yerevan.html",20250,42
"MBM Hotel Yerevan","Booking.com",4,"1","0","1","0","0","0","0","https://www.tripadvisor.com/Hotel_Review-g293932-d13965226-Reviews-MBM_Hotel_Yerevan-Yerevan.html",19325,40
"Prime Hotel & Hostel","Booking.com",18,"1","1","0","0","0","0","0","https://www.tripadvisor.com/Hotel_Review-g293932-d10309061-Reviews-Prime_Hotel_Hostel-Yerevan.html",9992,21
"Republic Square Hostel","Booking.com",6,"1","0","1","0","0","0","0","https://www.tripadvisor.com/Hotel_Review-g293932-d11771505-Reviews-Republic_Square_Hostel-Yerevan.html",9158,19
"Reset Lounge 84","Booking.com",1,"1","0","0","0","0","0","0","https://www.tripadvisor.com/Hotel_Review-g293932-d14901185-Reviews-Reset_Lounge_84-Yerevan.html",3988,8
"Bonjour Guest House","Booking.com",1,"0","0","0","0","0","0","0","https://www.tripadvisor.com/Hotel_Review-g293932-d12656140-Reviews-Bonjour_Guest_House-Yerevan.html",9658,20
"Nor Yerevan","Booking.com",8,"1","0","1","0","0","0","0","https://www.tripadvisor.com/Hotel_Review-g293932-d12455767-Reviews-Nor_Yerevan-Yerevan.html",20825,43
"Guest House at Aygestana","Booking.com",3,"1","0","1","0","0","0","0","https://www.tripadvisor.com/Hotel_Review-g293932-d8651814-Reviews-Guest_House_at_Aygestana-Yerevan.html",12500,26
"Shree Gopal Gayatri Lok","Booking.com",1,"1","0","1","0","0","0","0","https://www.tripadvisor.com/Hotel_Review-g293932-d15104501-Reviews-Shree_Gopal_Gayatri_Lok-Yerevan.html",8158,17
"Ibiza Hotel & Sauna","Booking.com",8,"1","0","1","0","0","0","0","https://www.tripadvisor.com/Hotel_Review-g293932-d7380773-Reviews-Ibiza_Hotel_Sauna-Yerevan.html",16667,34
"ArtEast Hostel","Booking.com",2,"1","0","1","0","0","0","0","https://www.tripadvisor.com/Hotel_Review-g293932-d15014443-Reviews-ArtEast_Hostel-Yerevan.html",9990,21
"Shirak Hotel","Booking.com",166,"1","1","0","0","0","0","0","https://www.tripadvisor.com/Hotel_Review-g293932-d308341-Reviews-Shirak_Hotel-Yerevan.html",23333,48
"Guest House West Yerevan","Booking.com",5,"1","0","1","0","0","0","0","https://www.tripadvisor.com/Hotel_Review-g293932-d10502794-Reviews-Guest_House_West_Yerevan-Yerevan.html",9908,20
"Hotel For You","Booking.com",3,"0","0","0","0","0","0","0","https://www.tripadvisor.com/Hotel_Review-g293932-d12504246-Reviews-Hotel_For_You-Yerevan.html",12492,26
"Mini Hostel Tigranyan 5","Booking.com",4,"1","0","1","0","0","0","0","https://www.tripadvisor.com/Hotel_Review-g293932-d10454255-Reviews-Mini_Hostel_Tigranyan_5-Yerevan.html",7990,17
"Aquatek Resort and SPA","Booking.com",35,"1","0","1","0","0","0","0","https://www.tripadvisor.com/Hotel_Review-g293932-d2288712-Reviews-Aquatek_Resort_and_SPA-Yerevan.html",24148,50
"Valensia Hotel","Booking.com",21,"1","0","1","0","0","0","0","https://www.tripadvisor.com/Hotel_Review-g293932-d308343-Reviews-Valensia_Hotel-Yerevan.html",18030,37
"RIS Dalma Collection Yerevan","Booking.com",3,"1","0","1","0","0","0","0","https://www.tripadvisor.com/Hotel_Review-g293932-d14189004-Reviews-RIS_Dalma_Collection_Yerevan-Yerevan.html",40000,83
"Kesabella Touristic House","Booking.com",5,"1","0","1","0","0","0","0","https://www.tripadvisor.com/Hotel_Review-g293932-d7059740-Reviews-Kesabella_Touristic_House-Yerevan.html",13889,29
"Guest House 1","Booking.com",5,"1","0","1","0","0","0","0","https://www.tripadvisor.com/Hotel_Review-g293932-d12928426-Reviews-Guest_House_1-Yerevan.html",8325,17
"Your Hostel by Picnic","Booking.com",4,"1","0","1","0","0","0","0","https://www.tripadvisor.com/Hotel_Review-g293932-d10440459-Reviews-Your_Hostel_by_Picnic-Yerevan.html",11700,24
"Villa Rosa","Expedia.com",14,"1","0","1","0","0","0","0","https://www.tripadvisor.com/Hotel_Review-g293932-d6215394-Reviews-Villa_Rosa-Yerevan.html",17454,36
"Light Wings Guesthouse","Booking.com",2,"0","0","0","0","0","0","0","https://www.tripadvisor.com/Hotel_Review-g293932-d15022975-Reviews-Light_Wings_Guesthouse-Yerevan.html",12492,26
"Welcome City Center Apartments","Booking.com",1,"0","0","0","0","0","0","0","https://www.tripadvisor.com/Hotel_Review-g293932-d15631678-Reviews-Welcome_City_Center_Apartments-Yerevan.html",14408,30
"Homey Guesthouse","Booking.com",1,"1","0","1","0","0","0","0","https://www.tripadvisor.com/Hotel_Review-g293932-d12842060-Reviews-Homey_Guesthouse-Yerevan.html",11990,25
"Votre Maison","Booking.com",3,"0","0","0","0","0","0","0","https://www.tripadvisor.com/Hotel_Review-g293932-d12989669-Reviews-Votre_Maison-Yerevan.html",16667,34
"Gyumri Hotel","Booking.com",2,"1","0","1","0","0","0","0","https://www.tripadvisor.com/Hotel_Review-g293932-d4288842-Reviews-Gyumri_Hotel-Yerevan.html",18333,38
"Holiday Hotel & Hostel By Picnic","Booking.com",5,"1","0","1","0","0","0","0","https://www.tripadvisor.com/Hotel_Review-g293932-d10515454-Reviews-Holiday_Hotel_Hostel_By_Picnic-Yerevan.html",19000,39
"Guest House on Baghramyan","Booking.com",1,"0","0","0","0","0","0","0","https://www.tripadvisor.com/Hotel_Review-g293932-d12500758-Reviews-Guest_House_on_Baghramyan-Yerevan.html",13325,28
"Hostel Glass Tower","Booking.com",3,"1","1","0","0","0","0","0","https://www.tripadvisor.com/Hotel_Review-g293932-d10151429-Reviews-Hostel_Glass_Tower-Yerevan.html",18083,37
"Metro Aparthotel","Booking.com",1,"1","0","0","0","0","0","0","https://www.tripadvisor.com/Hotel_Review-g293932-d11760668-Reviews-Metro_Aparthotel-Yerevan.html",12742,26
"Freedom Armenia","Booking.com",7,"1","0","1","0","0","0","0","https://www.tripadvisor.com/Hotel_Review-g293932-d13085428-Reviews-Freedom_Armenia-Yerevan.html",12742,26
"ApartHotel Arshakunyants","Booking.com",1,"1","0","1","0","0","0","0","https://www.tripadvisor.com/Hotel_Review-g293932-d11622406-Reviews-ApartHotel_Arshakunyants-Yerevan.html",11667,24
"Hotel Lilia Yerevan","Booking.com",7,"0","0","0","0","0","0","0","https://www.tripadvisor.com/Hotel_Review-g293932-d12011121-Reviews-Hotel_Lilia_Yerevan-Yerevan.html",21242,44
"AnnaBella Boutique Hotel","Booking.com",1,"1","0","1","0","0","0","0","https://www.tripadvisor.com/Hotel_Review-g293932-d15618621-Reviews-AnnaBella_Boutique_Hotel-Yerevan.html",20833,43
"City Centre Apartments","Booking.com",2,"1","0","0","0","0","0","0","https://www.tripadvisor.com/Hotel_Review-g293932-d12594723-Reviews-City_Centre_Apartments-Yerevan.html",19835,41
"Yere1 Hotel & Hostel","Booking.com",1,"0","1","1","0","0","0","0","https://www.tripadvisor.com/Hotel_Review-g293932-d15656614-Reviews-Yere1_Hotel_Hostel-Yerevan.html",9989,21
"Hostel Liberal","Booking.com",1,"1","0","0","0","0","0","0","https://www.tripadvisor.com/Hotel_Review-g293932-d12906838-Reviews-Hostel_Liberal-Yerevan.html",12000,25
"Family Hotel Nigatun","Booking.com",3,"1","0","1","0","0","0","0","https://www.tripadvisor.com/Hotel_Review-g293932-d10681844-Reviews-Family_Hotel_Nigatun-Yerevan.html",18490,38
"Venice Hotel","Booking.com",3,"1","0","1","0","0","0","0","https://www.tripadvisor.com/Hotel_Review-g293932-d9799421-Reviews-Venice_Hotel-Yerevan.html",22500,46
"Guesthouse Martirosyan's","Booking.com",2,"1","0","1","0","0","0","0","https://www.tripadvisor.com/Hotel_Review-g293932-d8521896-Reviews-Guesthouse_Martirosyan_s-Yerevan.html",22500,46
"Argavand Hotel & Restaurant Complex","Booking.com",2,"0","0","0","0","0","0","0","https://www.tripadvisor.com/Hotel_Review-g293932-d7930468-Reviews-Argavand_Hotel_Restaurant_Complex-Yerevan.html",8333,17
"Balcon Boutique Hotel","Booking.com",7,"1","0","1","0","0","0","0","https://www.tripadvisor.com/Hotel_Review-g293932-d12462488-Reviews-Balcon_Boutique_Hotel-Yerevan.html",20825,43
"Inter Hostel","Booking.com",19,"1","0","1","0","0","0","0","https://www.tripadvisor.com/Hotel_Review-g293932-d8336389-Reviews-Inter_Hostel-Yerevan.html",9000,19
"Sakharov Hostel","Booking.com",10,"1","0","1","0","0","0","0","https://www.tripadvisor.com/Hotel_Review-g293932-d10544121-Reviews-Sakharov_Hostel-Yerevan.html",8325,17
"Eridana Hotel","Booking.com",2,"1","0","1","0","0","0","0","https://www.tripadvisor.com/Hotel_Review-g293932-d8733082-Reviews-Eridana_Hotel-Yerevan.html",6667,14
"Art Guesthouse Yerevan","Booking.com",2,"1","0","0","0","0","0","0","https://www.tripadvisor.com/Hotel_Review-g293932-d12269676-Reviews-Art_Guesthouse_Yerevan-Yerevan.html",10825,22
"Station Hostel","Booking.com",2,"1","0","1","0","0","0","0","https://www.tripadvisor.com/Hotel_Review-g293932-d12668957-Reviews-Station_Hostel-Yerevan.html",6658,14
"Apartaments Tigran Petrosyan 39/5","Booking.com",4,"0","0","0","0","0","0","0","https://www.tripadvisor.com/Hotel_Review-g293932-d10102091-Reviews-Apartaments_Tigran_Petrosyan_39_5-Yerevan.html",8600,18
"Yerevan Apartment at Tpagrichner","Agoda.com",2,"0","0","0","0","0","0","0","https://www.tripadvisor.com/Hotel_Review-g293932-d9995685-Reviews-Yerevan_Apartment_at_Tpagrichner-Yerevan.html",19939,41
"Tsghotner","Booking.com",1,"1","0","1","0","0","0","0","https://www.tripadvisor.com/Hotel_Review-g293932-d9771458-Reviews-Tsghotner-Yerevan.html",29167,60
"Granada Hotel","Booking.com",15,"1","0","1","0","0","0","0","https://www.tripadvisor.com/Hotel_Review-g293932-d8516876-Reviews-Granada_Hotel-Yerevan.html",10667,22
"Best Hostel Republic Square","Booking.com",8,"1","0","0","0","0","0","1","https://www.tripadvisor.com/Hotel_Review-g293932-d10671718-Reviews-Best_Hostel_Republic_Square-Yerevan.html",9992,21
"Caucasus Wildlife Refuge","Booking.com",1,"1","0","1","0","0","0","0","https://www.tripadvisor.com/Hotel_Review-g293932-d7806536-Reviews-Caucasus_Wildlife_Refuge-Yerevan.html",25000,52
"Moscow House Hotel","Booking.com",2,"1","0","0","0","0","0","0","https://www.tripadvisor.com/Hotel_Review-g293932-d1236230-Reviews-Moscow_House_Hotel-Yerevan.html",21250,44
"Bloor Hotel","Booking.com",1,"0","0","0","0","0","0","0","https://www.tripadvisor.com/Hotel_Review-g293932-d13951764-Reviews-Bloor_Hotel-Yerevan.html",13990,29
"Musa Ler Hotel","Booking.com",3,"1","0","1","0","0","0","0","https://www.tripadvisor.com/Hotel_Review-g293932-d13073612-Reviews-Musa_Ler_Hotel-Yerevan.html",16190,33
"Fortune","Booking.com",1,"1","0","1","0","0","0","0","https://www.tripadvisor.com/Hotel_Review-g293932-d10817039-Reviews-Fortune-Yerevan.html",7492,15
"Palma Hotel","Booking.com",0,"1","0","1","0","0","0","0","https://www.tripadvisor.com/Hotel_Review-g293932-d8343641-Reviews-Palma_Hotel-Yerevan.html",15000,31
"Gallery Apartments","Booking.com",0,"0","0","0","0","0","0","0","https://www.tripadvisor.com/Hotel_Review-g293932-d15828428-Reviews-Gallery_Apartments-Yerevan.html",17242,36
"Grand Hills Hotel","Booking.com",0,"0","0","0","0","0","0","0","https://www.tripadvisor.com/Hotel_Review-g293932-d15220773-Reviews-Grand_Hills_Hotel-Yerevan.html",35000,72
"Urartu Complex","Booking.com",0,"0","0","0","0","0","0","0","https://www.tripadvisor.com/Hotel_Review-g293932-d15415630-Reviews-Urartu_Complex-Yerevan.html",6742,14
"Nork Residence Hotel","Booking.com",32,"1","0","1","0","0","0","0","https://www.tripadvisor.com/Hotel_Review-g293932-d1818280-Reviews-Nork_Residence_Hotel-Yerevan.html",14625,30
"Adamyan 11 Hostel","Booking.com",0,"0","0","0","0","0","0","0","https://www.tripadvisor.com/Hotel_Review-g293932-d15232919-Reviews-Adamyan_11_Hostel-Yerevan.html",9990,21
"Alex Hotel","Expedia.com",0,"1","0","1","0","0","0","0","https://www.tripadvisor.com/Hotel_Review-g293932-d14802782-Reviews-Alex_Hotel-Yerevan.html",12464,26
"Apartment and Tours","Booking.com",0,"0","0","0","0","0","0","0","https://www.tripadvisor.com/Hotel_Review-g293932-d15809685-Reviews-Apartment_and_Tours-Yerevan.html",12492,26
"Apartment In The Center Of Yerevan","Booking.com",0,"0","0","0","0","0","0","0","https://www.tripadvisor.com/Hotel_Review-g293932-d15801733-Reviews-Apartment_In_The_Center_Of_Yerevan-Yerevan.html",24992,52
"Apartments","Booking.com",0,"0","0","0","0","0","0","0","https://www.tripadvisor.com/Hotel_Review-g293932-d16645651-Reviews-Apartments-Yerevan.html",33325,69
"Druzhba Hostel","Booking.com",1,"1","0","1","0","0","0","0","https://www.tripadvisor.com/Hotel_Review-g293932-d10235677-Reviews-Druzhba_Hostel-Yerevan.html",4992,10
"Baxos Hotel","Hotels.com",11,"1","0","1","0","0","0","0","https://www.tripadvisor.com/Hotel_Review-g293932-d8262842-Reviews-Baxos_Hotel-Yerevan.html",19911,41
"Hotel Bastille","Hotels.com",0,"1","0","1","0","0","0","0","https://www.tripadvisor.com/Hotel_Review-g293932-d12682451-Reviews-Hotel_Bastille-Yerevan.html",19911,41
"Ani Hostel","Booking.com",7,"1","0","1","0","0","0","0","https://www.tripadvisor.com/Hotel_Review-g293932-d13295220-Reviews-Ani_Hostel-Yerevan.html",9989,21
"Voyage Hotel","Booking.com",1,"1","0","0","0","0","0","1","https://www.tripadvisor.com/Hotel_Review-g293932-d8043455-Reviews-Voyage_Hotel-Yerevan.html",47619,98
"DDD Hotel","Booking.com",10,"1","0","1","0","0","0","0","https://www.tripadvisor.com/Hotel_Review-g293932-d2442931-Reviews-DDD_Hotel-Yerevan.html",15990,33
"Tatev Apartments","Booking.com",1,"0","0","0","0","0","0","0","https://www.tripadvisor.com/Hotel_Review-g293932-d12518196-Reviews-Tatev_Apartments-Yerevan.html",25000,52
"Old Yerevan Hostel and Tours","Booking.com",7,"1","0","1","0","0","0","0","https://www.tripadvisor.com/Hotel_Review-g293932-d11707421-Reviews-Old_Yerevan_Hostel_and_Tours-Yerevan.html",8325,17
"Bella Hotel","Expedia.com",4,"1","0","0","0","0","0","1","https://www.tripadvisor.com/Hotel_Review-g293932-d6635845-Reviews-Bella_Hotel-Yerevan.html",12469,26
"Alik Apartments on Abovyan 16","Booking.com",0,"0","0","0","0","0","0","0","https://www.tripadvisor.com/Hotel_Review-g293932-d16744668-Reviews-Alik_Apartments_on_Abovyan_16-Yerevan.html",33325,69
"Art Guesthouse Qanaqer","Booking.com",0,"1","0","1","0","0","0","0","https://www.tripadvisor.com/Hotel_Review-g293932-d12381405-Reviews-Art_Guesthouse_Qanaqer-Yerevan.html",6658,14
"Bitlis","Booking.com",0,"1","0","1","0","0","0","0","https://www.tripadvisor.com/Hotel_Review-g293932-d14174703-Reviews-Bitlis-Yerevan.html",24992,52
"Central Apartments By Ris","Agoda.com",0,"0","0","0","0","0","0","0","https://www.tripadvisor.com/Hotel_Review-g293932-d15295424-Reviews-Central_Apartments_By_Ris-Yerevan.html",12469,26
"Centrium","Booking.com",0,"0","0","0","0","0","0","0","https://www.tripadvisor.com/Hotel_Review-g293932-d13372780-Reviews-Centrium-Yerevan.html",10825,22
"Charents Street Apartments","Booking.com",0,"0","0","0","0","0","0","0","https://www.tripadvisor.com/Hotel_Review-g293932-d15857255-Reviews-Charents_Street_Apartments-Yerevan.html",25000,52
"Comfortable Apartment Near The Republic Square","Agoda.com",0,"0","0","0","0","0","0","0","https://www.tripadvisor.com/Hotel_Review-g293932-d15779348-Reviews-Comfortable_Apartment_Near_The_Republic_Square-Yerevan.html",48203,100
"The Doctor's House B&B","Booking.com",0,"1","0","0","0","0","0","0","https://www.tripadvisor.com/Hotel_Review-g293932-d12319090-Reviews-The_Doctor_s_House_B_B-Yerevan.html",12492,26
"Dom","Booking.com",0,"0","0","0","0","0","0","0","https://www.tripadvisor.com/Hotel_Review-g293932-d14966245-Reviews-Dom-Yerevan.html",19990,41
"A. FA Hotel","Expedia.com",0,"0","0","0","0","0","0","0","https://www.tripadvisor.com/Hotel_Review-g293932-d16856272-Reviews-A_FA_Hotel-Yerevan.html",17417,36
"Freedom Apartments On Arami street","Booking.com",0,"0","0","0","0","0","0","0","https://www.tripadvisor.com/Hotel_Review-g293932-d15885751-Reviews-Freedom_Apartments_On_Arami_street-Yerevan.html",43000,89
"Garni Hinyard","Booking.com",0,"0","0","0","0","0","0","0","https://www.tripadvisor.com/Hotel_Review-g293932-d15232085-Reviews-Garni_Hinyard-Yerevan.html",25833,53
"Georgia Hotel","Booking.com",0,"1","0","1","0","0","0","0","https://www.tripadvisor.com/Hotel_Review-g293932-d9786922-Reviews-Georgia_Hotel-Yerevan.html",11667,24
"Green Hostel","Booking.com",0,"1","0","1","0","0","0","0","https://www.tripadvisor.com/Hotel_Review-g293932-d15128173-Reviews-Green_Hostel-Yerevan.html",6658,14
"Guest House","Agoda.com",0,"0","0","0","0","0","0","0","https://www.tripadvisor.com/Hotel_Review-g293932-d12852733-Reviews-Guest_House-Yerevan.html",9965,21
"Avan Plaza","Expedia.com",0,"1","0","1","0","0","0","0","https://www.tripadvisor.com/Hotel_Review-g293932-d10205943-Reviews-Avan_Plaza-Yerevan.html",187020,386
"Guest House Myasnikyan","Booking.com",0,"0","0","0","0","0","0","0","https://www.tripadvisor.com/Hotel_Review-g293932-d15086527-Reviews-Guest_House_Myasnikyan-Yerevan.html",8000,17
"Guesthouse Na Ulice Orbeli","Booking.com",0,"1","0","0","0","0","0","0","https://www.tripadvisor.com/Hotel_Review-g293932-d10544194-Reviews-Guesthouse_Na_Ulice_Orbeli-Yerevan.html",5825,12
"Happy Camper Hostel","Booking.com",0,"0","0","0","0","0","0","0","https://www.tripadvisor.com/Hotel_Review-g293932-d15527260-Reviews-Happy_Camper_Hostel-Yerevan.html",7990,17
"The Highway Hostel","Booking.com",0,"0","0","0","0","0","0","0","https://www.tripadvisor.com/Hotel_Review-g293932-d15074575-Reviews-The_Highway_Hostel-Yerevan.html",4158,9
"Homestay on Sose 17","Booking.com",0,"1","0","1","0","0","0","0","https://www.tripadvisor.com/Hotel_Review-g293932-d12385341-Reviews-Homestay_on_Sose_17-Yerevan.html",14990,31
"HosTales","Agoda.com",0,"1","0","1","0","0","0","0","https://www.tripadvisor.com/Hotel_Review-g293932-d15321450-Reviews-HosTales-Yerevan.html",11639,24
"Hostel 5x5","Booking.com",0,"1","0","1","0","0","0","0","https://www.tripadvisor.com/Hotel_Review-g293932-d15743168-Reviews-Hostel_5x5-Yerevan.html",13490,28
"Hostel de Maria","Booking.com",0,"1","0","1","0","0","0","0","https://www.tripadvisor.com/Hotel_Review-g293932-d12536159-Reviews-Hostel_de_Maria-Yerevan.html",8992,19
"Hostel Golden Trip","Booking.com",0,"0","0","0","0","0","0","0","https://www.tripadvisor.com/Hotel_Review-g293932-d15221280-Reviews-Hostel_Golden_Trip-Yerevan.html",13990,29
"Hostel in Yerevan","Booking.com",0,"0","0","0","0","0","0","0","https://www.tripadvisor.com/Hotel_Review-g293932-d14888373-Reviews-Hostel_in_Yerevan-Yerevan.html",4942,10
"Hostel Jaguar","Booking.com",0,"1","0","1","0","0","0","0","https://www.tripadvisor.com/Hotel_Review-g293932-d16746062-Reviews-Hostel_Jaguar-Yerevan.html",6990,14
"Hostel Magnolia","Expedia.com",0,"0","0","0","0","0","0","0","https://www.tripadvisor.com/Hotel_Review-g293932-d15190076-Reviews-Hostel_Magnolia-Yerevan.html",10825,22
"Hotel Enjoy","Booking.com",0,"1","0","0","0","0","0","0","https://www.tripadvisor.com/Hotel_Review-g293932-d12428417-Reviews-Hotel_Enjoy-Yerevan.html",12492,26
"Hotel King","Booking.com",0,"0","0","0","0","0","0","0","https://www.tripadvisor.com/Hotel_Review-g293932-d10451796-Reviews-Hotel_King-Yerevan.html",14992,31
"Inga Hotel Yerevan","Booking.com",0,"1","0","1","0","0","0","0","https://www.tripadvisor.com/Hotel_Review-g293932-d15219439-Reviews-Inga_Hotel_Yerevan-Yerevan.html",14992,31
"Kamurj Apart Hotel","Booking.com",0,"1","0","1","0","0","0","0","https://www.tripadvisor.com/Hotel_Review-g293932-d11768914-Reviews-Kamurj_Apart_Hotel-Yerevan.html",26242,54
"Karinitas Family Hostel","Booking.com",0,"1","0","0","0","0","0","0","https://www.tripadvisor.com/Hotel_Review-g293932-d10891048-Reviews-Karinitas_Family_Hostel-Yerevan.html",6658,14
"Karson Apartments","Booking.com",0,"0","0","0","0","0","0","0","https://www.tripadvisor.com/Hotel_Review-g293932-d16720613-Reviews-Karson_Apartments-Yerevan.html",20000,41
"KAV Guest House","Booking.com",0,"1","0","1","0","0","0","0","https://www.tripadvisor.com/Hotel_Review-g293932-d16707999-Reviews-KAV_Guest_House-Yerevan.html",9992,21
"Kond guest house","Booking.com",0,"0","0","0","0","0","0","0","https://www.tripadvisor.com/Hotel_Review-g293932-d14905575-Reviews-Kond_guest_house-Yerevan.html",12492,26
"Little Manila Hostel & Tours","Booking.com",0,"1","1","0","0","0","0","0","https://www.tripadvisor.com/Hotel_Review-g293932-d11981746-Reviews-Little_Manila_Hostel_Tours-Yerevan.html",14158,29
"Lotus Hostel","Agoda.com",0,"0","0","0","0","0","0","0","https://www.tripadvisor.com/Hotel_Review-g293932-d16812966-Reviews-Lotus_Hostel-Yerevan.html",16944,35
"Lovely Hotel","Expedia.com",0,"0","0","0","0","0","0","0","https://www.tripadvisor.com/Hotel_Review-g293932-d16858972-Reviews-Lovely_Hotel-Yerevan.html",10000,21
"Luxe Proshyan Str","Booking.com",0,"1","0","1","0","0","0","0","https://www.tripadvisor.com/Hotel_Review-g293932-d10630717-Reviews-Luxe_Proshyan_Str-Yerevan.html",66490,137
"Midnight","Booking.com",0,"0","0","0","0","0","0","0","https://www.tripadvisor.com/Hotel_Review-g293932-d15584691-Reviews-Midnight-Yerevan.html",9091,19
"Mirage Guest House","Expedia.com",0,"0","0","0","0","0","0","0","https://www.tripadvisor.com/Hotel_Review-g293932-d15226237-Reviews-Mirage_Guest_House-Yerevan.html",6250,13
"Motel Eforea","Expedia.com",0,"0","0","0","0","0","0","0","https://www.tripadvisor.com/Hotel_Review-g293932-d9463268-Reviews-Motel_Eforea-Yerevan.html",62337,129
"New-Regence","Booking.com",0,"1","0","1","0","0","0","0","https://www.tripadvisor.com/Hotel_Review-g293932-d10030882-Reviews-New_Regence-Yerevan.html",10833,22
"Noy Hostel Yerevan","Booking.com",0,"1","0","1","0","0","0","0","https://www.tripadvisor.com/Hotel_Review-g293932-d13359376-Reviews-Noy_Hostel_Yerevan-Yerevan.html",4992,10
"Shamrock Hostel","Booking.com",0,"1","0","1","0","0","0","0","https://www.tripadvisor.com/Hotel_Review-g293932-d13446727-Reviews-Shamrock_Hostel-Yerevan.html",1179,2
"R&K","Booking.com",0,"0","0","0","0","0","0","0","https://www.tripadvisor.com/Hotel_Review-g293932-d14002102-Reviews-R_K-Yerevan.html",7990,17
"Shara Talyan 8/2 Guest House","Booking.com",0,"0","0","0","0","0","0","0","https://www.tripadvisor.com/Hotel_Review-g293932-d15295689-Reviews-Shara_Talyan_8_2_Guest_House-Yerevan.html",8333,17
"Solibri","Booking.com",0,"0","0","0","0","0","0","0","https://www.tripadvisor.com/Hotel_Review-g293932-d7712080-Reviews-Solibri-Yerevan.html",30000,62
"Sona B&B","Booking.com",0,"1","0","0","0","0","0","0","https://www.tripadvisor.com/Hotel_Review-g293932-d6966492-Reviews-Sona_B_B-Yerevan.html",10000,21
"Sunshine Guest House","Booking.com",0,"0","0","0","0","0","0","0","https://www.tripadvisor.com/Hotel_Review-g293932-d15327202-Reviews-Sunshine_Guest_House-Yerevan.html",9790,20
"Tatev Hostel & Hotel","Booking.com",0,"1","1","0","0","0","0","0","https://www.tripadvisor.com/Hotel_Review-g293932-d15676977-Reviews-Tatev_Hostel_Hotel-Yerevan.html",11992,25
"Tunn Kilikio","Booking.com",0,"0","0","0","0","0","0","0","https://www.tripadvisor.com/Hotel_Review-g293932-d14985760-Reviews-Tunn_Kilikio-Yerevan.html",21990,45
"Welcome Apt. by AVS at 17 Buzand","Booking.com",0,"0","0","0","0","0","0","0","https://www.tripadvisor.com/Hotel_Review-g293932-d15810407-Reviews-Welcome_Apt_by_AVS_at_17_Buzand-Yerevan.html",29158,60
"Radiance2 Hostel","Booking.com",0,"0","0","0","0","0","0","0","https://www.tripadvisor.com/Hotel_Review-g293932-d13949515-Reviews-Radiance2_Hostel-Yerevan.html",3325,7
"Boris's Family's Bed & Breakfast","ibis",54,"1","0","1","0","0","0","0","https://www.tripadvisor.com/Hotel_Review-g293932-d950379-Reviews-Boris_s_Family_s_Bed_Breakfast-Yerevan.html",24750,51
"DownTown Hostel","Expedia.com",63,"0","0","0","0","0","0","0","https://www.tripadvisor.com/Hotel_Review-g293932-d3784108-Reviews-DownTown_Hostel-Yerevan.html",29750,61
"Best Eastern Hotel Yerevan","Expedia.com",17,"1","0","0","1","0","0","0","https://www.tripadvisor.com/Hotel_Review-g293932-d308344-Reviews-Best_Eastern_Hotel_Yerevan-Yerevan.html",33913,70
"The Ivory","Marriott Hotels",9,"0","0","0","0","0","0","0","https://www.tripadvisor.com/Hotel_Review-g293932-d9721756-Reviews-The_Ivory-Yerevan.html",36000,74
"Premium Hotel","Expedia.com",6,"1","0","1","0","0","0","0","https://www.tripadvisor.com/Hotel_Review-g293932-d13285458-Reviews-Premium_Hotel-Yerevan.html",42393,88
"Arzni Sanatorium","Expedia.com",10,"0","0","0","0","0","0","0","https://www.tripadvisor.com/Hotel_Review-g293932-d6475446-Reviews-Arzni_Sanatorium-Yerevan.html",40000,83
"State University Guest House","Expedia.com",15,"0","0","0","0","0","0","1","https://www.tripadvisor.com/Hotel_Review-g293932-d2290225-Reviews-State_University_Guest_House-Yerevan.html",33413,69
"Light Wings Hostel & Tours","Booking.com",3,"0","0","0","0","0","0","0","https://www.tripadvisor.com/Hotel_Review-g293932-d12688198-Reviews-Light_Wings_Hostel_Tours-Yerevan.html",30000,62
"Studio Guest House","Expedia.com",1,"0","0","0","0","0","0","0","https://www.tripadvisor.com/Hotel_Review-g293932-d16667555-Reviews-Studio_Guest_House-Yerevan.html",20779,43
"Magnoliya Butik-Hostel","Booking.com",1,"1","0","0","0","0","0","0","https://www.tripadvisor.com/Hotel_Review-g293932-d13414751-Reviews-Magnoliya_Butik_Hostel-Yerevan.html",17156,35
"Best Eastern Arma Hotel","Booking.com",3,"0","1","0","0","0","0","1","https://www.tripadvisor.com/Hotel_Review-g293932-d308333-Reviews-Best_Eastern_Arma_Hotel-Yerevan.html",7492,15
"Villa des Roses Hotel","Expedia.com",4,"1","0","1","0","0","0","0","https://www.tripadvisor.com/Hotel_Review-g293932-d2658500-Reviews-Villa_des_Roses_Hotel-Yerevan.html",24104,50
"Home Hostel","Booking.com",1,"0","0","0","0","0","0","0","https://www.tripadvisor.com/Hotel_Review-g293932-d6550940-Reviews-Home_Hostel-Yerevan.html",19911,41
"Sva Hotel","Booking.com",1,"1","0","0","0","0","0","0","https://www.tripadvisor.com/Hotel_Review-g293932-d5983834-Reviews-Sva_Hotel-Yerevan.html",19911,41
"International Hostel Yerevan","Booking.com",1,"0","0","0","0","0","0","0","https://www.tripadvisor.com/Hotel_Review-g293932-d6681360-Reviews-International_Hostel_Yerevan-Yerevan.html",19911,41
"Hotel Terjan","Booking.com",1,"0","1","0","1","0","0","0","https://www.tripadvisor.com/Hotel_Review-g293932-d308342-Reviews-Hotel_Terjan-Yerevan.html",19911,41
"Raffik's B&B","Booking.com",1,"0","0","0","0","0","0","0","https://www.tripadvisor.com/Hotel_Review-g293932-d2136573-Reviews-Raffik_s_B_B-Yerevan.html",19911,41
"Dom Moskvy","Booking.com",1,"0","1","1","0","0","0","0","https://www.tripadvisor.com/Hotel_Review-g293932-d7184938-Reviews-Dom_Moskvy-Yerevan.html",19911,41
"Orange Hotel","Booking.com",1,"1","0","1","0","0","0","0","https://www.tripadvisor.com/Hotel_Review-g293932-d3228963-Reviews-Orange_Hotel-Yerevan.html",19911,41
"Hotel Petak","Booking.com",1,"1","0","1","0","0","0","0","https://www.tripadvisor.com/Hotel_Review-g293932-d4263358-Reviews-Hotel_Petak-Yerevan.html",19911,41
"Guest House on Aigestana","Hotels.com",2,"1","0","1","0","0","0","0","https://www.tripadvisor.com/Hotel_Review-g293932-d12145249-Reviews-Guest_House_on_Aigestana-Yerevan.html",19911,41
"Karson Hostel","Hotels.com",3,"0","0","0","0","0","0","0","https://www.tripadvisor.com/Hotel_Review-g293932-d7198588-Reviews-Karson_Hostel-Yerevan.html",19911,41
"Afina Hotel","Hotels.com",0,"1","0","1","0","0","0","0","https://www.tripadvisor.com/Hotel_Review-g293932-d10682113-Reviews-Afina_Hotel-Yerevan.html",19911,41
"Alnur Hostel Armenia","Hotels.com",0,"0","0","0","0","0","0","0","https://www.tripadvisor.com/Hotel_Review-g293932-d15352887-Reviews-Alnur_Hostel_Armenia-Yerevan.html",19911,41
"Amanz Homestay","Booking.com",0,"0","0","0","0","0","0","0","https://www.tripadvisor.com/Hotel_Review-g293932-d15339193-Reviews-Amanz_Homestay-Yerevan.html",19911,41
"Apartment Pavstos Byuzand 53-55","Booking.com",0,"0","0","0","0","0","0","0","https://www.tripadvisor.com/Hotel_Review-g293932-d16818182-Reviews-Apartment_Pavstos_Byuzand_53_55-Yerevan.html",19911,41
"The Ark Tours & Accommodation Armenian Hostel","Hotels.com",0,"1","0","1","0","0","0","0","https://www.tripadvisor.com/Hotel_Review-g293932-d13438577-Reviews-The_Ark_Tours_Accommodation_Armenian_Hostel-Yerevan.html",19911,41
"Arvasar","Hotels.com",0,"1","0","1","0","0","0","0","https://www.tripadvisor.com/Hotel_Review-g293932-d7626542-Reviews-Arvasar-Yerevan.html",19911,41
"As Hostel","Booking.com",0,"1","0","1","0","0","0","0","https://www.tripadvisor.com/Hotel_Review-g293932-d12440134-Reviews-As_Hostel-Yerevan.html",19911,41
"B&B Sunset","Booking.com",0,"0","0","0","0","0","0","0","https://www.tripadvisor.com/Hotel_Review-g293932-d3514269-Reviews-B_B_Sunset-Yerevan.html",19911,41
"Bridge Hostel","Booking.com",0,"0","0","0","0","0","0","0","https://www.tripadvisor.com/Hotel_Review-g293932-d15221276-Reviews-Bridge_Hostel-Yerevan.html",45000,93
"Caravan Hotel","Booking.com",0,"0","0","0","0","0","0","0","https://www.tripadvisor.com/Hotel_Review-g293932-d12072039-Reviews-Caravan_Hotel-Yerevan.html",19608,41
"Cascade Palace Hotel","Booking.com",0,"0","0","0","0","0","0","0","https://www.tripadvisor.com/Hotel_Review-g293932-d6204807-Reviews-Cascade_Palace_Hotel-Yerevan.html",22742,47
"Chastny BnB","Booking.com",0,"0","0","0","0","0","0","0","https://www.tripadvisor.com/Hotel_Review-g293932-d8640066-Reviews-Chastny_BnB-Yerevan.html",6658,14
"Christina Plaza","Booking.com",0,"1","0","1","0","0","0","0","https://www.tripadvisor.com/Hotel_Review-g293932-d10123163-Reviews-Christina_Plaza-Yerevan.html",7500,15
"Cottage at Arshakunyants Ave.","Booking.com",0,"0","0","1","0","0","0","0","https://www.tripadvisor.com/Hotel_Review-g293932-d12964744-Reviews-Cottage_at_Arshakunyants_Ave-Yerevan.html",17708,37
"Cozy room in provence style","Booking.com",0,"0","0","0","0","0","0","0","https://www.tripadvisor.com/Hotel_Review-g13109039-d15326968-Reviews-Cozy_room_in_provence_style-Kasakh_Yerevan.html",41658,86
"5. Element Hostel","Booking.com",0,"1","0","1","0","0","0","0","https://www.tripadvisor.com/Hotel_Review-g293932-d12455033-Reviews-5_Element_Hostel-Yerevan.html",17992,37
"""G"" Hotel","Booking.com",0,"0","0","0","0","0","0","0","https://www.tripadvisor.com/Hotel_Review-g293932-d8785941-Reviews-G_Hotel-Yerevan.html",4983,10
"Golden Second Hotel","Booking.com",0,"0","0","0","0","0","0","0","https://www.tripadvisor.com/Hotel_Review-g293932-d3284430-Reviews-Golden_Second_Hotel-Yerevan.html",28667,59
"Guesthouse Paradise","Booking.com",0,"0","0","0","0","0","0","0","https://www.tripadvisor.com/Hotel_Review-g293932-d7257556-Reviews-Guesthouse_Paradise-Yerevan.html",17354,36
"Haven","Booking.com",0,"0","0","0","0","0","0","0","https://www.tripadvisor.com/Hotel_Review-g293932-d15615243-Reviews-Haven-Yerevan.html",11553,24
"Honey Hostel","Agoda.com",0,"0","0","0","0","0","0","0","https://www.tripadvisor.com/Hotel_Review-g293932-d15078645-Reviews-Honey_Hostel-Yerevan.html",16542,34
"The Hostel City","Booking.com",0,"0","0","0","0","0","0","0","https://www.tripadvisor.com/Hotel_Review-g293932-d15217820-Reviews-The_Hostel_City-Yerevan.html",22500,46
"Hostel Discovery","Booking.com",0,"0","0","0","0","0","0","0","https://www.tripadvisor.com/Hotel_Review-g293932-d10452876-Reviews-Hostel_Discovery-Yerevan.html",20339,42
"Hostel Heaven","Booking.com",0,"0","0","0","0","0","0","0","https://www.tripadvisor.com/Hotel_Review-g293932-d15352994-Reviews-Hostel_Heaven-Yerevan.html",18333,38
"Hostel Hostell","Booking.com",0,"1","0","0","0","0","0","0","https://www.tripadvisor.com/Hotel_Review-g293932-d9793413-Reviews-Hostel_Hostell-Yerevan.html",35417,73
"Hotel Avetis","Booking.com",0,"1","0","1","0","0","0","0","https://www.tripadvisor.com/Hotel_Review-g293932-d2388111-Reviews-Hotel_Avetis-Yerevan.html",22400,46
"Hotel Merien","Booking.com",0,"0","0","0","0","0","0","0","https://www.tripadvisor.com/Hotel_Review-g293932-d14968845-Reviews-Hotel_Merien-Yerevan.html",20667,43
"The Modern Place by J","Booking.com",0,"0","0","0","0","0","0","0","https://www.tripadvisor.com/Hotel_Review-g293932-d13988025-Reviews-The_Modern_Place_by_J-Yerevan.html",10833,22
"Nice big apartment In Center","Booking.com",0,"0","0","0","0","0","0","0","https://www.tripadvisor.com/Hotel_Review-g293932-d16867962-Reviews-Nice_big_apartment_In_Center-Yerevan.html",25500,53
"Nice Hotel","Booking.com",0,"1","0","1","0","0","0","0","https://www.tripadvisor.com/Hotel_Review-g293932-d10289803-Reviews-Nice_Hotel-Yerevan.html",7500,15
"Nuri Hostel","Booking.com",0,"1","0","1","0","0","0","0","https://www.tripadvisor.com/Hotel_Review-g293932-d12315586-Reviews-Nuri_Hostel-Yerevan.html",45000,93
"Sedrakyan's Guest House","Booking.com",0,"0","0","0","0","0","0","0","https://www.tripadvisor.com/Hotel_Review-g293932-d1784714-Reviews-Sedrakyan_s_Guest_House-Yerevan.html",10825,22
"SV Hostel","Expedia.com",0,"1","1","0","0","0","0","0","https://www.tripadvisor.com/Hotel_Review-g293932-d2048975-Reviews-SV_Hostel-Yerevan.html",65783,136
"SV Hotel Complex","Expedia.com",0,"0","0","0","0","0","0","0","https://www.tripadvisor.com/Hotel_Review-g293932-d6963176-Reviews-SV_Hotel_Complex-Yerevan.html",36651,76
"Technical Center-Academy","Hotels.com",0,"0","0","0","0","0","0","0","https://www.tripadvisor.com/Hotel_Review-g293932-d2442927-Reviews-Technical_Center_Academy-Yerevan.html",19911,41
"Toscana Hotel","Booking.com",0,"0","0","0","0","0","0","0","https://www.tripadvisor.com/Hotel_Review-g293932-d9812286-Reviews-Toscana_Hotel-Yerevan.html",19911,41
"Envoy Hostel and Tours","Booking.com",363,"1","1","0","0","0","0","0","https://www.tripadvisor.com/Hotel_Review-g293932-d595944-Reviews-Envoy_Hostel_and_Tours-Yerevan.html",41658,86
"Villa Delenda","Booking.com",90,"1","0","0","0","0","0","0","https://www.tripadvisor.com/Hotel_Review-g293932-d1903421-Reviews-Villa_Delenda-Yerevan.html",17000,35
"Penthouse Hotel & Hostel","Expedia.com",98,"1","1","0","0","0","0","0","https://www.tripadvisor.com/Hotel_Review-g293932-d1988128-Reviews-Penthouse_Hotel_Hostel-Yerevan.html",107724,223
"Anahit Stepanyan's B&B","Booking.com",82,"1","1","0","0","0","0","0","https://www.tripadvisor.com/Hotel_Review-g293932-d2694256-Reviews-Anahit_Stepanyan_s_B_B-Yerevan.html",9990,21
"Hin Yerevantsi Hotel","Booking.com",66,"1","0","1","0","0","0","0","https://www.tripadvisor.com/Hotel_Review-g293932-d3410830-Reviews-Hin_Yerevantsi_Hotel-Yerevan.html",20625,43
"Areve Residence Boutique Hotel","Booking.com",26,"1","0","1","0","0","0","0","https://www.tripadvisor.com/Hotel_Review-g293932-d12135475-Reviews-Areve_Residence_Boutique_Hotel-Yerevan.html",15000,31
"Sweet Home Hostel","Booking.com",30,"1","0","1","0","0","0","0","https://www.tripadvisor.com/Hotel_Review-g293932-d8310924-Reviews-Sweet_Home_Hostel-Yerevan.html",20000,41
"Grammy Hostel","Booking.com",52,"1","0","1","0","0","0","0","https://www.tripadvisor.com/Hotel_Review-g293932-d2695368-Reviews-Grammy_Hostel-Yerevan.html",21250,44
"Cascade Hostel & Tours","Booking.com",40,"1","0","1","0","0","0","0","https://www.tripadvisor.com/Hotel_Review-g293932-d6553208-Reviews-Cascade_Hostel_Tours-Yerevan.html",29167,60
"Apricot Hostel","Booking.com",33,"1","0","1","0","0","0","0","https://www.tripadvisor.com/Hotel_Review-g293932-d6557585-Reviews-Apricot_Hostel-Yerevan.html",22500,46
"Hostel Sun Ray","Booking.com",12,"0","0","0","0","0","0","0","https://www.tripadvisor.com/Hotel_Review-g293932-d11737516-Reviews-Hostel_Sun_Ray-Yerevan.html",21367,44
"Theatre Hostel","Booking.com",91,"1","0","1","0","0","0","0","https://www.tripadvisor.com/Hotel_Review-g293932-d1568148-Reviews-Theatre_Hostel-Yerevan.html",22400,46
"Parev Doon","Booking.com",20,"1","0","1","0","0","0","0","https://www.tripadvisor.com/Hotel_Review-g293932-d2200845-Reviews-Parev_Doon-Yerevan.html",22000,45
"Tsirani ApartHotel","Booking.com",14,"1","0","1","0","0","0","0","https://www.tripadvisor.com/Hotel_Review-g293932-d7993885-Reviews-Tsirani_ApartHotel-Yerevan.html",20583,43
"Feel Inn Hostel","Booking.com",14,"1","0","1","0","0","0","0","https://www.tripadvisor.com/Hotel_Review-g293932-d8039152-Reviews-Feel_Inn_Hostel-Yerevan.html",24575,51
"Armenia Hostel","Booking.com",25,"1","0","1","0","0","0","0","https://www.tripadvisor.com/Hotel_Review-g293932-d3869569-Reviews-Armenia_Hostel-Yerevan.html",11667,24
"2x2 Cinema-Bar Hotel","Booking.com",11,"1","0","1","0","0","0","0","https://www.tripadvisor.com/Hotel_Review-g293932-d7318900-Reviews-2x2_Cinema_Bar_Hotel-Yerevan.html",25000,52
"My Corner Hostel","Expedia.com",19,"1","0","1","0","0","0","0","https://www.tripadvisor.com/Hotel_Review-g293932-d6585117-Reviews-My_Corner_Hostel-Yerevan.html",65783,136
"Sunny Holidays Hostel & Tours","Booking.com",8,"1","0","1","0","0","0","0","https://www.tripadvisor.com/Hotel_Review-g293932-d13813784-Reviews-Sunny_Holidays_Hostel_Tours-Yerevan.html",27119,56
"Arm Hostel","Booking.com",18,"1","1","0","0","0","0","0","https://www.tripadvisor.com/Hotel_Review-g293932-d10052301-Reviews-Arm_Hostel-Yerevan.html",13260,27
"Youth Hostel","Booking.com",7,"1","0","1","0","0","0","0","https://www.tripadvisor.com/Hotel_Review-g293932-d12527985-Reviews-Youth_Hostel-Yerevan.html",24992,52
"Hotel House","Booking.com",23,"1","0","1","0","0","0","0","https://www.tripadvisor.com/Hotel_Review-g293932-d2224576-Reviews-Hotel_House-Yerevan.html",15000,31
"Mister Hostel","Booking.com",5,"1","0","0","0","0","0","0","https://www.tripadvisor.com/Hotel_Review-g293932-d7762068-Reviews-Mister_Hostel-Yerevan.html",16667,34
"Holiday Hostel","Booking.com",27,"1","0","1","0","0","0","0","https://www.tripadvisor.com/Hotel_Review-g293932-d9769958-Reviews-Holiday_Hostel-Yerevan.html",21240,44
"Praha Hotel","Booking.com",9,"1","0","1","0","0","0","0","https://www.tripadvisor.com/Hotel_Review-g293932-d9603327-Reviews-Praha_Hotel-Yerevan.html",30667,63
"5th Floor Guests House Yerevan","Booking.com",5,"0","0","0","0","0","0","0","https://www.tripadvisor.com/Hotel_Review-g293932-d12360073-Reviews-5th_Floor_Guests_House_Yerevan-Yerevan.html",17708,37
"Zebra Art Hostel","Booking.com",5,"1","0","1","0","0","0","0","https://www.tripadvisor.com/Hotel_Review-g293932-d9553412-Reviews-Zebra_Art_Hostel-Yerevan.html",9167,19
"City Center Hostel","Booking.com",3,"1","0","1","0","0","0","0","https://www.tripadvisor.com/Hotel_Review-g293932-d8493459-Reviews-City_Center_Hostel-Yerevan.html",18200,38
"The Rooms Hostel Yerevan","Booking.com",2,"0","0","0","0","0","0","0","https://www.tripadvisor.com/Hotel_Review-g293932-d13854775-Reviews-The_Rooms_Hostel_Yerevan-Yerevan.html",20825,43
"Familia","Booking.com",1,"1","0","1","0","0","0","0","https://www.tripadvisor.com/Hotel_Review-g293932-d12616581-Reviews-Familia-Yerevan.html",10825,22
"LeMarz Hostel","Booking.com",1,"1","0","0","0","0","0","0","https://www.tripadvisor.com/Hotel_Review-g293932-d10540941-Reviews-LeMarz_Hostel-Yerevan.html",20833,43
"Torosyans' Guesthouse","Booking.com",1,"0","0","0","0","0","0","0","https://www.tripadvisor.com/Hotel_Review-g293932-d10350134-Reviews-Torosyans_Guesthouse-Yerevan.html",31667,65
"Sleep Studio - Female Only","Expedia.com",1,"1","0","1","0","0","0","0","https://www.tripadvisor.com/Hotel_Review-g293932-d12634719-Reviews-Sleep_Studio_Female_Only-Yerevan.html",25453,53
"Extreme Excite Hostel And Travel","Expedia.com",2,"1","0","1","0","0","0","0","https://www.tripadvisor.com/Hotel_Review-g293932-d15053095-Reviews-Extreme_Excite_Hostel_And_Travel-Yerevan.html",83121,172
"Compote","Expedia.com",1,"1","0","1","0","0","0","0","https://www.tripadvisor.com/Hotel_Review-g293932-d14013442-Reviews-Compote-Yerevan.html",63589,131
"Best Hostel","Booking.com",18,"1","0","1","0","0","0","0","https://www.tripadvisor.com/Hotel_Review-g293932-d7710601-Reviews-Best_Hostel-Yerevan.html",10833,22
"B1 Hostel","Booking.com",1,"1","0","1","0","0","0","0","https://www.tripadvisor.com/Hotel_Review-g293932-d12989412-Reviews-B1_Hostel-Yerevan.html",14990,31
"Hotel Arar","Booking.com",1,"1","0","1","0","0","0","0","https://www.tripadvisor.com/Hotel_Review-g293932-d9727591-Reviews-Hotel_Arar-Yerevan.html",13450,28
"CJ Hostel and Tours","Expedia.com",1,"0","0","0","0","0","0","0","https://www.tripadvisor.com/Hotel_Review-g293932-d15217871-Reviews-CJ_Hostel_and_Tours-Yerevan.html",7397,15
"Nacho Apart Hotel","Booking.com",1,"1","0","1","0","0","0","0","https://www.tripadvisor.com/Hotel_Review-g293932-d14158180-Reviews-Nacho_Apart_Hotel-Yerevan.html",16538,34
"Avant Garde Hotel","Expedia.com",2,"1","0","0","1","0","0","0","https://www.tripadvisor.com/Hotel_Review-g293932-d6402212-Reviews-Avant_Garde_Hotel-Yerevan.html",34913,72
"Bellagio Hotel Complex","Booking.com",3,"1","0","0","0","0","0","1","https://www.tripadvisor.com/Hotel_Review-g293932-d3616714-Reviews-Bellagio_Hotel_Complex-Yerevan.html",17708,37
"Apartments at Pushkin Street","Booking.com",1,"0","0","0","0","0","0","0","https://www.tripadvisor.com/Hotel_Review-g293932-d6681712-Reviews-Apartments_at_Pushkin_Street-Yerevan.html",9167,19
"GS Hotel","Booking.com",1,"1","0","1","0","0","0","0","https://www.tripadvisor.com/Hotel_Review-g293932-d12483499-Reviews-GS_Hotel-Yerevan.html",18200,38
"Aleppo Hotel","Booking.com",3,"1","0","1","0","0","0","0","https://www.tripadvisor.com/Hotel_Review-g293932-d7891055-Reviews-Aleppo_Hotel-Yerevan.html",11667,24
"Tora Palace","Booking.com",9,"0","0","0","0","0","0","0","https://www.tripadvisor.com/Hotel_Review-g293932-d5488907-Reviews-Tora_Palace-Yerevan.html",9583,20
"Sochi Plaza Hotel","Booking.com",11,"1","0","1","0","0","0","0","https://www.tripadvisor.com/Hotel_Review-g293932-d5857692-Reviews-Sochi_Plaza_Hotel-Yerevan.html",10075,21
"Grant Villa","Booking.com",1,"0","0","0","0","0","0","0","https://www.tripadvisor.com/Hotel_Review-g293932-d13284143-Reviews-Grant_Villa-Yerevan.html",30000,62
"Hostel Out Of Dreams","Booking.com",2,"1","0","1","0","0","0","0","https://www.tripadvisor.com/Hotel_Review-g293932-d12394042-Reviews-Hostel_Out_Of_Dreams-Yerevan.html",13325,28
"Old Yerevan Hostel","Booking.com",5,"1","0","1","0","0","0","0","https://www.tripadvisor.com/Hotel_Review-g293932-d8493688-Reviews-Old_Yerevan_Hostel-Yerevan.html",19167,40
"White House Hotel","Booking.com",1,"1","0","0","0","0","0","1","https://www.tripadvisor.com/Hotel_Review-g293932-d3640491-Reviews-White_House_Hotel-Yerevan.html",15750,33
"Ask House","Booking.com",1,"1","0","1","0","0","0","0","https://www.tripadvisor.com/Hotel_Review-g293932-d11630031-Reviews-Ask_House-Yerevan.html",15417,32
"Friendship Hostel & Tours 2","Booking.com",1,"0","0","0","0","0","0","0","https://www.tripadvisor.com/Hotel_Review-g293932-d13329847-Reviews-Friendship_Hostel_Tours_2-Yerevan.html",20825,43
"Guest House Komitas","Booking.com",1,"1","0","1","0","0","0","0","https://www.tripadvisor.com/Hotel_Review-g293932-d13085144-Reviews-Guest_House_Komitas-Yerevan.html",20000,41
"Like Home","Booking.com",2,"1","0","1","0","0","0","0","https://www.tripadvisor.com/Hotel_Review-g293932-d13204130-Reviews-Like_Home-Yerevan.html",20250,42
"NUR Hotel","Booking.com",28,"1","0","1","0","0","0","0","https://www.tripadvisor.com/Hotel_Review-g293932-d3596324-Reviews-NUR_Hotel-Yerevan.html",19325,40
"Roomer Hotel","Booking.com",1,"1","0","1","0","0","0","0","https://www.tripadvisor.com/Hotel_Review-g293932-d9459953-Reviews-Roomer_Hotel-Yerevan.html",9992,21
"Paronyan Hostel","Booking.com",3,"1","0","1","0","0","0","0","https://www.tripadvisor.com/Hotel_Review-g293932-d12669770-Reviews-Paronyan_Hostel-Yerevan.html",9158,19
"Bliss","Booking.com",2,"0","0","0","0","0","0","0","https://www.tripadvisor.com/Hotel_Review-g293932-d12681255-Reviews-Bliss-Yerevan.html",3988,8
"Hostel Inn","Booking.com",0,"1","0","1","0","0","0","0","https://www.tripadvisor.com/Hotel_Review-g293932-d8493168-Reviews-Hostel_Inn-Yerevan.html",9658,20
"Andrievskie Family House","Booking.com",0,"0","0","0","0","0","0","0","https://www.tripadvisor.com/Hotel_Review-g293932-d12514320-Reviews-Andrievskie_Family_House-Yerevan.html",20825,43
"Anush House","Booking.com",0,"0","0","0","0","0","0","0","https://www.tripadvisor.com/Hotel_Review-g293932-d16803586-Reviews-Anush_House-Yerevan.html",12500,26
"Apartment Arami (New Building)","Booking.com",0,"0","0","0","0","0","0","0","https://www.tripadvisor.com/Hotel_Review-g293932-d15751581-Reviews-Apartment_Arami_New_Building-Yerevan.html",14990,31
"Apartment in Yerevan","Booking.com",0,"0","0","0","0","0","0","0","https://www.tripadvisor.com/Hotel_Review-g293932-d16867196-Reviews-Apartment_in_Yerevan-Yerevan.html",8158,17
"Apartments Emili","Booking.com",0,"0","0","0","0","0","0","0","https://www.tripadvisor.com/Hotel_Review-g293932-d16821458-Reviews-Apartments_Emili-Yerevan.html",16667,34
"3/3 Appart Hotel","Booking.com",0,"1","0","1","0","0","0","0","https://www.tripadvisor.com/Hotel_Review-g293932-d15639048-Reviews-3_3_Appart_Hotel-Yerevan.html",9990,21
"Armeniainn","Booking.com",0,"1","0","1","0","0","0","0","https://www.tripadvisor.com/Hotel_Review-g293932-d13376306-Reviews-Armeniainn-Yerevan.html",23333,48
"Armino Hostel","Booking.com",0,"0","0","0","0","0","0","0","https://www.tripadvisor.com/Hotel_Review-g293932-d15217747-Reviews-Armino_Hostel-Yerevan.html",9908,20
"Aura Hotel","Booking.com",0,"0","0","0","0","0","0","0","https://www.tripadvisor.com/Hotel_Review-g293932-d7257619-Reviews-Aura_Hotel-Yerevan.html",14875,31
"Avenue Guest House","Booking.com",0,"1","0","0","0","0","0","0","https://www.tripadvisor.com/Hotel_Review-g293932-d8733895-Reviews-Avenue_Guest_House-Yerevan.html",12492,26
"B&B Aida Yerevan","Booking.com",0,"0","0","0","0","0","0","0","https://www.tripadvisor.com/Hotel_Review-g293932-d12996023-Reviews-B_B_Aida_Yerevan-Yerevan.html",7990,17
"Bungalo Inn","Booking.com",0,"0","0","0","0","0","0","0","https://www.tripadvisor.com/Hotel_Review-g293932-d7608569-Reviews-Bungalo_Inn-Yerevan.html",24148,50
"Carota Hostel","Booking.com",0,"0","0","0","0","0","0","0","https://www.tripadvisor.com/Hotel_Review-g293932-d11778868-Reviews-Carota_Hostel-Yerevan.html",20825,43
"Comfort Hostel","Booking.com",0,"1","0","0","0","0","0","0","https://www.tripadvisor.com/Hotel_Review-g293932-d13302528-Reviews-Comfort_Hostel-Yerevan.html",16538,34
"David's Guest House","Booking.com",0,"0","0","0","0","0","0","0","https://www.tripadvisor.com/Hotel_Review-g293932-d10164341-Reviews-David_s_Guest_House-Yerevan.html",18030,37
"EcoTourism Armenia","Booking.com",0,"0","0","0","0","0","0","0","https://www.tripadvisor.com/Hotel_Review-g293932-d8128405-Reviews-EcoTourism_Armenia-Yerevan.html",13450,28
"Antarayin Hotel","Booking.com",0,"1","0","1","0","0","0","0","https://www.tripadvisor.com/Hotel_Review-g293932-d8337672-Reviews-Antarayin_Hotel-Yerevan.html",20250,42
"The Ark Tours & Accommodation Yerevan","Booking.com",0,"1","0","1","0","0","0","0","https://www.tripadvisor.com/Hotel_Review-g293932-d13164230-Reviews-The_Ark_Tours_Accommodation_Yerevan-Yerevan.html",11700,24
"Armenia De Luxe","Booking.com",0,"1","0","1","0","0","0","0","https://www.tripadvisor.com/Hotel_Review-g293932-d12564826-Reviews-Armenia_De_Luxe-Yerevan.html",11083,23
"Arm Home","Booking.com",0,"0","0","0","0","0","0","0","https://www.tripadvisor.com/Hotel_Review-g293932-d13848431-Reviews-Arm_Home-Yerevan.html",15417,32
"Bampy Hostel","Booking.com",0,"0","0","0","0","0","0","0","https://www.tripadvisor.com/Hotel_Review-g293932-d15221325-Reviews-Bampy_Hostel-Yerevan.html",16667,34
"Black White","Booking.com",0,"0","0","0","0","0","0","0","https://www.tripadvisor.com/Hotel_Review-g293932-d13815435-Reviews-Black_White-Yerevan.html",19000,39
"Cascade Apartments By Kentron","Booking.com",0,"0","0","0","0","0","0","0","https://www.tripadvisor.com/Hotel_Review-g293932-d16710457-Reviews-Cascade_Apartments_By_Kentron-Yerevan.html",18083,37
"Castel Dghyak Hotel","Booking.com",0,"1","0","1","0","0","0","0","https://www.tripadvisor.com/Hotel_Review-g293932-d7726699-Reviews-Castel_Dghyak_Hotel-Yerevan.html",12742,26
"City Center Apartments","Booking.com",0,"0","0","0","0","0","0","0","https://www.tripadvisor.com/Hotel_Review-g293932-d15333476-Reviews-City_Center_Apartments-Yerevan.html",12742,26
"Country House Gyulbenkyan 10","Booking.com",0,"1","0","1","0","0","0","0","https://www.tripadvisor.com/Hotel_Review-g293932-d12700891-Reviews-Country_House_Gyulbenkyan_10-Yerevan.html",21242,44
"Davtashen Guesthouse","Booking.com",0,"1","0","0","0","0","0","0","https://www.tripadvisor.com/Hotel_Review-g293932-d11925758-Reviews-Davtashen_Guesthouse-Yerevan.html",19835,41
"Eger","Booking.com",0,"0","0","0","0","0","0","0","https://www.tripadvisor.com/Hotel_Review-g293932-d13982906-Reviews-Eger-Yerevan.html",9989,21
"Erzrum Hotel","Booking.com",0,"0","0","0","0","0","0","0","https://www.tripadvisor.com/Hotel_Review-g293932-d7907550-Reviews-Erzrum_Hotel-Yerevan.html",12000,25
"Eurasia Interunivers  Hostel","Booking.com",0,"1","0","0","0","0","0","0","https://www.tripadvisor.com/Hotel_Review-g293932-d12661369-Reviews-Eurasia_Interunivers_Hostel-Yerevan.html",18490,38
"Fever Hostel","Booking.com",0,"0","0","0","0","0","0","0","https://www.tripadvisor.com/Hotel_Review-g293932-d15278439-Reviews-Fever_Hostel-Yerevan.html",22500,46
"Garden House Baghramyan","Booking.com",0,"1","0","1","0","0","0","0","https://www.tripadvisor.com/Hotel_Review-g293932-d12520269-Reviews-Garden_House_Baghramyan-Yerevan.html",22500,46
"GATA Apartments at Republic Square","Booking.com",0,"0","0","0","0","0","0","0","https://www.tripadvisor.com/Hotel_Review-g293932-d16870551-Reviews-GATA_Apartments_at_Republic_Square-Yerevan.html",8333,17
"Gem Hostel","Booking.com",0,"0","0","0","0","0","0","0","https://www.tripadvisor.com/Hotel_Review-g293932-d15012154-Reviews-Gem_Hostel-Yerevan.html",20825,43
"Getar","Booking.com",0,"1","0","0","0","0","0","0","https://www.tripadvisor.com/Hotel_Review-g293932-d6219829-Reviews-Getar-Yerevan.html",9000,19
"Grand Tours Armenia","Booking.com",0,"0","0","0","0","0","0","0","https://www.tripadvisor.com/Hotel_Review-g293932-d15584860-Reviews-Grand_Tours_Armenia-Yerevan.html",8325,17
"GS House","Booking.com",0,"1","0","0","0","0","0","0","https://www.tripadvisor.com/Hotel_Review-g293932-d12599122-Reviews-GS_House-Yerevan.html",6667,14
"Guest House Hospice","Booking.com",0,"1","0","1","0","0","0","0","https://www.tripadvisor.com/Hotel_Review-g293932-d10799655-Reviews-Guest_House_Hospice-Yerevan.html",10825,22
"Guest House on 2 Araratian","Booking.com",0,"1","0","1","0","0","0","0","https://www.tripadvisor.com/Hotel_Review-g293932-d12616571-Reviews-Guest_House_on_2_Araratian-Yerevan.html",6658,14
"Guest House on Zaryan 136","Booking.com",0,"1","0","1","0","0","0","0","https://www.tripadvisor.com/Hotel_Review-g293932-d11983335-Reviews-Guest_House_on_Zaryan_136-Yerevan.html",8600,18
"Home","Agoda.com",0,"0","0","0","0","0","0","0","https://www.tripadvisor.com/Hotel_Review-g293932-d15816043-Reviews-Home-Yerevan.html",19939,41
"Hostel","Booking.com",0,"0","0","0","0","0","0","0","https://www.tripadvisor.com/Hotel_Review-g293932-d9707424-Reviews-Hostel-Yerevan.html",18083,37
"Hostel Argo Yerevan","Booking.com",0,"1","1","0","0","0","0","0","https://www.tripadvisor.com/Hotel_Review-g293932-d15513771-Reviews-Hostel_Argo_Yerevan-Yerevan.html",6667,14
"Hostel Baghramyan","Booking.com",0,"0","0","0","0","0","0","0","https://www.tripadvisor.com/Hotel_Review-g293932-d13010766-Reviews-Hostel_Baghramyan-Yerevan.html",29167,60
"Hostel Compass","Booking.com",0,"1","0","0","0","0","0","0","https://www.tripadvisor.com/Hotel_Review-g293932-d12987655-Reviews-Hostel_Compass-Yerevan.html",8600,18
"Hostel Home","Booking.com",0,"0","0","0","0","0","0","0","https://www.tripadvisor.com/Hotel_Review-g293932-d12491255-Reviews-Hostel_Home-Yerevan.html",10667,22
"Hostel Kompozitor","Booking.com",0,"1","0","1","0","0","0","0","https://www.tripadvisor.com/Hotel_Review-g293932-d12905181-Reviews-Hostel_Kompozitor-Yerevan.html",16667,34
"Hostel Kovcheg","Booking.com",0,"1","0","0","0","0","0","0","https://www.tripadvisor.com/Hotel_Review-g293932-d13338569-Reviews-Hostel_Kovcheg-Yerevan.html",9992,21
"Hostel Moldovakan","Booking.com",0,"0","0","0","0","0","0","0","https://www.tripadvisor.com/Hotel_Review-g293932-d8288254-Reviews-Hostel_Moldovakan-Yerevan.html",25000,52
"Hostel on Bairona 4","Booking.com",0,"1","0","1","0","0","0","0","https://www.tripadvisor.com/Hotel_Review-g293932-d12528018-Reviews-Hostel_on_Bairona_4-Yerevan.html",21250,44
"Hotel Amaras","Booking.com",0,"1","0","1","0","0","0","0","https://www.tripadvisor.com/Hotel_Review-g293932-d13397965-Reviews-Hotel_Amaras-Yerevan.html",13990,29
"Hotel Apollon","Booking.com",0,"1","0","1","0","0","0","0","https://www.tripadvisor.com/Hotel_Review-g293932-d10051437-Reviews-Hotel_Apollon-Yerevan.html",16190,33
"Hotel Gold","Booking.com",0,"1","0","1","0","0","0","0","https://www.tripadvisor.com/Hotel_Review-g293932-d12353865-Reviews-Hotel_Gold-Yerevan.html",13325,28
"Hotel M","Booking.com",0,"0","0","0","0","0","0","0","https://www.tripadvisor.com/Hotel_Review-g293932-d12880529-Reviews-Hotel_M-Yerevan.html",12742,26
"Hotel Sem","Booking.com",0,"0","0","0","0","0","0","0","https://www.tripadvisor.com/Hotel_Review-g293932-d10697882-Reviews-Hotel_Sem-Yerevan.html",8333,17
"Hotel VEM BB on Bagratuniats 3/2","Booking.com",0,"0","0","0","0","0","0","0","https://www.tripadvisor.com/Hotel_Review-g293932-d11955461-Reviews-Hotel_VEM_BB_on_Bagratuniats_3_2-Yerevan.html",18333,38
"Hovhan Guest House","Booking.com",0,"1","0","1","0","0","0","0","https://www.tripadvisor.com/Hotel_Review-g293932-d10767849-Reviews-Hovhan_Guest_House-Yerevan.html",12500,26
"Hov Hotel","Booking.com",0,"1","0","1","0","0","0","0","https://www.tripadvisor.com/Hotel_Review-g293932-d12851589-Reviews-Hov_Hotel-Yerevan.html",7492,15
"Hrashk Hotel","Booking.com",0,"1","0","1","0","0","0","0","https://www.tripadvisor.com/Hotel_Review-g293932-d10727175-Reviews-Hrashk_Hotel-Yerevan.html",15000,31
"Inn Delichi","Booking.com",0,"1","0","1","0","0","0","0","https://www.tripadvisor.com/Hotel_Review-g293932-d10553726-Reviews-Inn_Delichi-Yerevan.html",17242,36
"iRoom - Guest House/Hostel in Yerevan","Booking.com",0,"0","0","0","0","0","0","0","https://www.tripadvisor.com/Hotel_Review-g293932-d15208687-Reviews-IRoom_Guest_House_Hostel_in_Yerevan-Yerevan.html",35000,72
"Jasmin Hotel","Booking.com",0,"0","0","0","0","0","0","0","https://www.tripadvisor.com/Hotel_Review-g293932-d8465557-Reviews-Jasmin_Hotel-Yerevan.html",14625,30
"Jericho March Hostel","Booking.com",0,"0","0","0","0","0","0","0","https://www.tripadvisor.com/Hotel_Review-g293932-d12540489-Reviews-Jericho_March_Hostel-Yerevan.html",9990,21
"Joyful Hostel","Expedia.com",0,"0","0","0","0","0","0","0","https://www.tripadvisor.com/Hotel_Review-g293932-d12923566-Reviews-Joyful_Hostel-Yerevan.html",12464,26
"Kabayan EG Hostel Armenia","Booking.com",0,"1","0","0","0","0","0","0","https://www.tripadvisor.com/Hotel_Review-g293932-d13530668-Reviews-Kabayan_EG_Hostel_Armenia-Yerevan.html",12492,26
"Kvartiri","Booking.com",0,"1","0","0","0","0","0","1","https://www.tripadvisor.com/Hotel_Review-g293932-d13375292-Reviews-Kvartiri-Yerevan.html",24992,52
"Kvrtira V Sierdtsie Ierievana","Booking.com",0,"0","0","0","0","0","0","0","https://www.tripadvisor.com/Hotel_Review-g293932-d16715204-Reviews-Kvrtira_V_Sierdtsie_Ierievana-Yerevan.html",33325,69
"Lucky Hostel","Booking.com",0,"0","0","0","0","0","0","0","https://www.tripadvisor.com/Hotel_Review-g293932-d13966602-Reviews-Lucky_Hostel-Yerevan.html",4992,10
"Luxury Apartments In Center","Hotels.com",0,"0","0","0","0","0","0","0","https://www.tripadvisor.com/Hotel_Review-g293932-d16660951-Reviews-Luxury_Apartments_In_Center-Yerevan.html",19911,41
"Luxury Hostel in Yerevan","Hotels.com",0,"0","0","0","0","0","0","0","https://www.tripadvisor.com/Hotel_Review-g293932-d10753688-Reviews-Luxury_Hostel_in_Yerevan-Yerevan.html",19911,41
"Luys Hostel & Guest House","Booking.com",0,"1","0","1","0","0","0","0","https://www.tripadvisor.com/Hotel_Review-g293932-d15030137-Reviews-Luys_Hostel_Guest_House-Yerevan.html",9989,21
"Masiv Hostel","Booking.com",0,"1","0","1","0","0","0","0","https://www.tripadvisor.com/Hotel_Review-g293932-d7063615-Reviews-Masiv_Hostel-Yerevan.html",47619,98
"Metax House Yerevan","Booking.com",0,"0","0","0","0","0","0","0","https://www.tripadvisor.com/Hotel_Review-g293932-d15324314-Reviews-Metax_House_Yerevan-Yerevan.html",15990,33
"Mini GuestHouse","Booking.com",0,"1","0","1","0","0","0","0","https://www.tripadvisor.com/Hotel_Review-g293932-d13394150-Reviews-Mini_GuestHouse-Yerevan.html",25000,52
"Modern Apartments In The Centre","Booking.com",0,"0","0","0","0","0","0","0","https://www.tripadvisor.com/Hotel_Review-g293932-d16711710-Reviews-Modern_Apartments_In_The_Centre-Yerevan.html",8325,17
"Monaco Plaza","Expedia.com",0,"1","0","1","0","0","0","0","https://www.tripadvisor.com/Hotel_Review-g293932-d13386060-Reviews-Monaco_Plaza-Yerevan.html",12469,26
"Monument Guest House","Expedia.com",0,"0","0","0","0","0","0","0","https://www.tripadvisor.com/Hotel_Review-g293932-d8287505-Reviews-Monument_Guest_House-Yerevan.html",12678,26
"Motel","Booking.com",0,"1","0","1","0","0","0","0","https://www.tripadvisor.com/Hotel_Review-g293932-d12923567-Reviews-Motel-Yerevan.html",24367,50
"Motel on Griboedova","Booking.com",0,"0","0","0","0","0","0","0","https://www.tripadvisor.com/Hotel_Review-g293932-d11929337-Reviews-Motel_on_Griboedova-Yerevan.html",9990,21
"Motel Uyut","Booking.com",0,"0","0","0","0","0","0","0","https://www.tripadvisor.com/Hotel_Review-g293932-d11707423-Reviews-Motel_Uyut-Yerevan.html",10117,21
"Nikolos Apartments","Expedia.com",0,"0","0","0","0","0","0","0","https://www.tripadvisor.com/Hotel_Review-g293932-d16675614-Reviews-Nikolos_Apartments-Yerevan.html",12464,26
"Northern Residence Apartments (New Building)","Booking.com",0,"0","0","0","0","0","0","0","https://www.tripadvisor.com/Hotel_Review-g293932-d16736962-Reviews-Northern_Residence_Apartments_New_Building-Yerevan.html",33325,69
"Onik B & B","Booking.com",0,"0","0","0","0","0","0","0","https://www.tripadvisor.com/Hotel_Review-g293932-d10226137-Reviews-Onik_B_B-Yerevan.html",12492,26
"Open Armenia Apartments","Booking.com",0,"0","0","0","0","0","0","0","https://www.tripadvisor.com/Hotel_Review-g293932-d16797432-Reviews-Open_Armenia_Apartments-Yerevan.html",24992,52
"Opera & Republic Square Apartments","Booking.com",0,"0","0","0","0","0","0","0","https://www.tripadvisor.com/Hotel_Review-g293932-d16803598-Reviews-Opera_Republic_Square_Apartments-Yerevan.html",33325,69
"PAI Armenia Tours and Accommodation","Booking.com",0,"1","0","1","0","0","0","0","https://www.tripadvisor.com/Hotel_Review-g293932-d13498487-Reviews-PAI_Armenia_Tours_and_Accommodation-Yerevan.html",6658,14
"Palazzo Hotel","Booking.com",0,"1","0","1","0","0","0","0","https://www.tripadvisor.com/Hotel_Review-g293932-d12641855-Reviews-Palazzo_Hotel-Yerevan.html",24992,52
"Panorama","Agoda.com",0,"0","0","0","0","0","0","0","https://www.tripadvisor.com/Hotel_Review-g293932-d9695924-Reviews-Panorama-Yerevan.html",12469,26
"Pinoy Hostel & Tours","Booking.com",0,"0","0","0","0","0","0","0","https://www.tripadvisor.com/Hotel_Review-g293932-d15221336-Reviews-Pinoy_Hostel_Tours-Yerevan.html",10825,22
"Red House","Booking.com",0,"1","0","1","0","0","0","0","https://www.tripadvisor.com/Hotel_Review-g13109039-d13082337-Reviews-Red_House-Kasakh_Yerevan.html",25000,52
"Residence Yezeguelian","Agoda.com",0,"0","0","0","0","0","0","0","https://www.tripadvisor.com/Hotel_Review-g293932-d15872071-Reviews-Residence_Yezeguelian-Yerevan.html",48203,100
"Retro City Apartments At Abovyan Street","Booking.com",0,"0","0","0","0","0","0","0","https://www.tripadvisor.com/Hotel_Review-g293932-d16736905-Reviews-Retro_City_Apartments_At_Abovyan_Street-Yerevan.html",12492,26
"Retrocity Apartments By Opera Theatre","Booking.com",0,"0","0","0","0","0","0","0","https://www.tripadvisor.com/Hotel_Review-g293932-d16800225-Reviews-Retrocity_Apartments_By_Opera_Theatre-Yerevan.html",19990,41
"4 Room Hotel","Expedia.com",0,"0","0","0","0","0","0","0","https://www.tripadvisor.com/Hotel_Review-g293932-d16828815-Reviews-4_Room_Hotel-Yerevan.html",17417,36
"Room In The Centre","Booking.com",0,"0","0","0","0","0","0","0","https://www.tripadvisor.com/Hotel_Review-g293932-d15055627-Reviews-Room_In_The_Centre-Yerevan.html",43000,89
"Season hotel","Booking.com",0,"1","0","0","0","0","0","0","https://www.tripadvisor.com/Hotel_Review-g293932-d11728165-Reviews-Season_hotel-Yerevan.html",25833,53
"Shaber Hotel","Booking.com",0,"0","0","0","0","0","0","0","https://www.tripadvisor.com/Hotel_Review-g293932-d7099567-Reviews-Shaber_Hotel-Yerevan.html",11667,24
"Singh International Hostel","Booking.com",0,"0","0","1","0","0","0","0","https://www.tripadvisor.com/Hotel_Review-g293932-d15324788-Reviews-Singh_International_Hostel-Yerevan.html",6658,14
"Sunrise Light Hostel & Tours","Agoda.com",0,"1","1","0","0","0","0","0","https://www.tripadvisor.com/Hotel_Review-g293932-d12857458-Reviews-Sunrise_Light_Hostel_Tours-Yerevan.html",9965,21
"Swiss Hostel","Expedia.com",0,"1","0","1","0","0","0","0","https://www.tripadvisor.com/Hotel_Review-g293932-d13146445-Reviews-Swiss_Hostel-Yerevan.html",187020,386
"Tamara's Place","Booking.com",0,"0","0","0","0","0","0","0","https://www.tripadvisor.com/Hotel_Review-g293932-d12855133-Reviews-Tamara_s_Place-Yerevan.html",8000,17
"The Transit Hostel","Booking.com",0,"0","0","0","0","0","0","0","https://www.tripadvisor.com/Hotel_Review-g293932-d15263433-Reviews-The_Transit_Hostel-Yerevan.html",5825,12
"Van Gog Spa-Massage Salon","Booking.com",0,"1","0","1","0","0","0","0","https://www.tripadvisor.com/Hotel_Review-g293932-d13338346-Reviews-Van_Gog_Spa_Massage_Salon-Yerevan.html",7990,17
"Van hostel","Booking.com",0,"1","0","1","0","0","0","0","https://www.tripadvisor.com/Hotel_Review-g293932-d11070551-Reviews-Van_hostel-Yerevan.html",4158,9
"The View Hostel","Booking.com",0,"1","0","0","0","0","0","0","https://www.tripadvisor.com/Hotel_Review-g293932-d12907898-Reviews-The_View_Hostel-Yerevan.html",14990,31
"Voyage Central","Agoda.com",0,"1","0","1","0","0","0","0","https://www.tripadvisor.com/Hotel_Review-g293932-d12613018-Reviews-Voyage_Central-Yerevan.html",11639,24
"Wanderlust","Booking.com",0,"1","0","1","0","0","0","0","https://www.tripadvisor.com/Hotel_Review-g293932-d12923571-Reviews-Wanderlust-Yerevan.html",13490,28
"Wow guest house in apartment 141","Booking.com",0,"0","0","0","0","0","0","0","https://www.tripadvisor.com/Hotel_Review-g293932-d16690360-Reviews-Wow_guest_house_in_apartment_141-Yerevan.html",8992,19
"XY Hotel","Booking.com",0,"0","0","0","0","0","0","0","https://www.tripadvisor.com/Hotel_Review-g293932-d10263186-Reviews-XY_Hotel-Yerevan.html",13990,29
"Yerevan Apartel","Booking.com",0,"0","0","0","0","0","0","0","https://www.tripadvisor.com/Hotel_Review-g293932-d6980611-Reviews-Yerevan_Apartel-Yerevan.html",4942,10
"Yerevan Home Hostel","Booking.com",0,"0","0","0","0","0","0","0","https://www.tripadvisor.com/Hotel_Review-g293932-d13238509-Reviews-Yerevan_Home_Hostel-Yerevan.html",6990,14
"Yerevan Inn Hostel","Expedia.com",0,"0","0","0","0","0","0","0","https://www.tripadvisor.com/Hotel_Review-g293932-d13340483-Reviews-Yerevan_Inn_Hostel-Yerevan.html",10825,22
